#
# There is insufficient memory for the Java Runtime Environment to continue.
# Native memory allocation (malloc) failed to allocate 1766704 bytes for Chunk::new
# Possible reasons:
#   The system is out of physical RAM or swap space
#   The process is running with CompressedOops enabled, and the Java Heap may be blocking the growth of the native heap
# Possible solutions:
#   Reduce memory load on the system
#   Increase physical memory or swap space
#   Check if swap backing store is full
#   Decrease Java heap size (-Xmx/-Xms)
#   Decrease number of Java threads
#   Decrease Java thread stack sizes (-Xss)
#   Set larger code cache with -XX:ReservedCodeCacheSize=
#   JVM is running with Unscaled Compressed Oops mode in which the Java heap is
#     placed in the first 4GB address space. The Java Heap base address is the
#     maximum limit for the native heap growth. Please use -XX:HeapBaseMinAddress
#     to set the Java Heap base and to place the Java Heap above 4GB virtual address.
# This output file may be truncated or incomplete.
#
#  Out of Memory Error (arena.cpp:189), pid=11780, tid=19620
#
# JRE version: Java(TM) SE Runtime Environment (17.0.11+7) (build 17.0.11+7-LTS-207)
# Java VM: Java HotSpot(TM) 64-Bit Server VM (17.0.11+7-LTS-207, mixed mode, sharing, tiered, compressed oops, compressed class ptrs, g1 gc, windows-amd64)
# No core dump will be written. Minidumps are not enabled by default on client versions of Windows
#

---------------  S U M M A R Y ------------

Command Line: --add-opens=java.base/java.lang=ALL-UNNAMED --add-opens=java.base/java.lang.invoke=ALL-UNNAMED --add-opens=java.base/java.util=ALL-UNNAMED --add-opens=java.prefs/java.util.prefs=ALL-UNNAMED --add-exports=jdk.compiler/com.sun.tools.javac.api=ALL-UNNAMED --add-exports=jdk.compiler/com.sun.tools.javac.util=ALL-UNNAMED --add-opens=java.base/java.util=ALL-UNNAMED --add-opens=java.prefs/java.util.prefs=ALL-UNNAMED --add-opens=java.base/java.nio.charset=ALL-UNNAMED --add-opens=java.base/java.net=ALL-UNNAMED --add-opens=java.base/java.util.concurrent=ALL-UNNAMED --add-opens=java.base/java.util.concurrent.atomic=ALL-UNNAMED --add-opens=java.xml/javax.xml.namespace=ALL-UNNAMED -XX:MaxMetaspaceSize=512m -Xmx2048m -Dfile.encoding=windows-1252 -Duser.country=US -Duser.language=en -Duser.variant -javaagent:C:\Users\haris\.gradle\wrapper\dists\gradle-9.0.0-bin\d6wjpkvcgsg3oed0qlfss3wgl\gradle-9.0.0\lib\agents\gradle-instrumentation-agent-9.0.0.jar org.gradle.launcher.daemon.bootstrap.GradleDaemon 9.0.0

Host: AMD Ryzen 3 3250U with Radeon Graphics         , 4 cores, 5G,  Windows 11 , 64 bit Build 26100 (10.0.26100.8115)
Time: Thu Apr  9 18:09:41 2026 India Standard Time elapsed time: 387.740653 seconds (0d 0h 6m 27s)

---------------  T H R E A D  ---------------

Current thread (0x0000023bf6fcc220):  JavaThread "C2 CompilerThread0" daemon [_thread_in_native, id=19620, stack(0x000000c885a00000,0x000000c885b00000)]


Current CompileTask:
C2: 387741 26678       4       com.sun.tools.javac.comp.Resolve::findMethod (428 bytes)

Stack: [0x000000c885a00000,0x000000c885b00000]
Native frames: (J=compiled Java code, j=interpreted, Vv=VM code, C=native code)
V  [jvm.dll+0x679cca]
V  [jvm.dll+0x7da13d]
V  [jvm.dll+0x7dba83]
V  [jvm.dll+0x7dc0f3]
V  [jvm.dll+0x2449af]
V  [jvm.dll+0xab83b]
V  [jvm.dll+0xabe1c]
V  [jvm.dll+0x3615ae]
V  [jvm.dll+0x1b9dda]
V  [jvm.dll+0x216337]
V  [jvm.dll+0x21560f]
V  [jvm.dll+0x1a2040]
V  [jvm.dll+0x225a2b]
V  [jvm.dll+0x223bcb]
V  [jvm.dll+0x7903ec]
V  [jvm.dll+0x78a85a]
V  [jvm.dll+0x678bb5]
C  [ucrtbase.dll+0x37b0]
C  [KERNEL32.DLL+0x2e8d7]
C  [ntdll.dll+0x8c3fc]


---------------  P R O C E S S  ---------------

Threads class SMR info:
_java_thread_list=0x0000023ba4794d80, length=107, elements={
0x0000023bd9667150, 0x0000023bf6fae8b0, 0x0000023bf6faf180, 0x0000023bf6fc7400,
0x0000023bf6fc7cd0, 0x0000023bf6fc85a0, 0x0000023bf6fc8e70, 0x0000023bf6fcc220,
0x0000023bf6fd02f0, 0x0000023bf6fde390, 0x0000023bf6f9bea0, 0x0000023bf732d210,
0x0000023bfc49be40, 0x0000023bfcd975c0, 0x0000023bfcdf1c80, 0x0000023bfc1e1e00,
0x0000023bf73c1f30, 0x0000023bf73c27e0, 0x0000023bf7211390, 0x0000023bf72118a0,
0x0000023bf72131f0, 0x0000023bf72127d0, 0x0000023bf7212ce0, 0x0000023bf7210460,
0x0000023bf7213700, 0x0000023bf7210e80, 0x0000023bf72122c0, 0x0000023bf720ff50,
0x0000023bf7210970, 0x0000023bfe6d7c90, 0x0000023bfe6db440, 0x0000023bfe6daa20,
0x0000023bfe6d90d0, 0x0000023bfe6db950, 0x0000023bfe6d8bc0, 0x0000023bfe6daf30,
0x0000023bfe6d95e0, 0x0000023bfe6dbe60, 0x0000023bfe6d86b0, 0x0000023bfe6dc370,
0x0000023bfe6dc880, 0x0000023bfe6dcd90, 0x0000023bfe6dd2a0, 0x0000023bfe6d9af0,
0x0000023bfe6dd7b0, 0x0000023bfe6da000, 0x0000023bfe6ddcc0, 0x0000023bfe6da510,
0x0000023bfe6de1d0, 0x0000023bfe6de6e0, 0x0000023bfe6debf0, 0x0000023bfe6df100,
0x0000023bfefc8b80, 0x0000023bfefcb910, 0x0000023bfefc8670, 0x0000023bfefcb400,
0x0000023bfefc9fc0, 0x0000023bfefc9090, 0x0000023bfefc8160, 0x0000023bfefcbe20,
0x0000023bfefcc330, 0x0000023bfefcc840, 0x0000023bfefccd50, 0x0000023bfefc95a0,
0x0000023bfefcd770, 0x0000023bfefcd260, 0x0000023bfefcdc80, 0x0000023bfefce6a0,
0x0000023bfefce190, 0x0000023bfefcebb0, 0x0000023bfefcf0c0, 0x0000023bfefcf5d0,
0x0000023b9b2204a0, 0x0000023b9b21f570, 0x0000023b9b221df0, 0x0000023b9b222810,
0x0000023b9b2218e0, 0x0000023b9b21f060, 0x0000023b9b21fa80, 0x0000023b9b21ff90,
0x0000023b9b2209b0, 0x0000023b9b222300, 0x0000023b9b2213d0, 0x0000023b9bdad7c0,
0x0000023b9bdab450, 0x0000023b9bdacda0, 0x0000023b9bdb0550, 0x0000023b9c87c470,
0x0000023b9bdaf110, 0x0000023ba43a8570, 0x0000023ba43a8060, 0x0000023ba3c48850,
0x0000023b9c87d8b0, 0x0000023b9c87bf60, 0x0000023ba1a2c9b0, 0x0000023ba43a7130,
0x0000023ba2564980, 0x0000023ba2880b30, 0x0000023ba2881f70, 0x0000023ba2566cf0,
0x0000023ba2567200, 0x0000023ba1a2bf90, 0x0000023ba1a2c4a0, 0x0000023ba1a2b570,
0x0000023ba1a2d3d0, 0x0000023ba2882480, 0x0000023ba3c4e300
}

Java Threads: ( => current thread )
  0x0000023bd9667150 JavaThread "main" [_thread_blocked, id=14016, stack(0x000000c884d00000,0x000000c884e00000)]
  0x0000023bf6fae8b0 JavaThread "Reference Handler" daemon [_thread_blocked, id=18796, stack(0x000000c885400000,0x000000c885500000)]
  0x0000023bf6faf180 JavaThread "Finalizer" daemon [_thread_blocked, id=20920, stack(0x000000c885500000,0x000000c885600000)]
  0x0000023bf6fc7400 JavaThread "Signal Dispatcher" daemon [_thread_blocked, id=1228, stack(0x000000c885600000,0x000000c885700000)]
  0x0000023bf6fc7cd0 JavaThread "Attach Listener" daemon [_thread_blocked, id=4608, stack(0x000000c885700000,0x000000c885800000)]
  0x0000023bf6fc85a0 JavaThread "Service Thread" daemon [_thread_blocked, id=17692, stack(0x000000c885800000,0x000000c885900000)]
  0x0000023bf6fc8e70 JavaThread "Monitor Deflation Thread" daemon [_thread_blocked, id=5088, stack(0x000000c885900000,0x000000c885a00000)]
=>0x0000023bf6fcc220 JavaThread "C2 CompilerThread0" daemon [_thread_in_native, id=19620, stack(0x000000c885a00000,0x000000c885b00000)]
  0x0000023bf6fd02f0 JavaThread "C1 CompilerThread0" daemon [_thread_blocked, id=6376, stack(0x000000c885b00000,0x000000c885c00000)]
  0x0000023bf6fde390 JavaThread "Sweeper thread" daemon [_thread_blocked, id=16672, stack(0x000000c885c00000,0x000000c885d00000)]
  0x0000023bf6f9bea0 JavaThread "Common-Cleaner" daemon [_thread_blocked, id=19880, stack(0x000000c885d00000,0x000000c885e00000)]
  0x0000023bf732d210 JavaThread "Notification Thread" daemon [_thread_blocked, id=13528, stack(0x000000c885e00000,0x000000c885f00000)]
  0x0000023bfc49be40 JavaThread "Daemon health stats" [_thread_blocked, id=13772, stack(0x000000c886200000,0x000000c886300000)]
  0x0000023bfcd975c0 JavaThread "Incoming local TCP Connector on port 63851" [_thread_in_native, id=4312, stack(0x000000c886400000,0x000000c886500000)]
  0x0000023bfcdf1c80 JavaThread "Daemon periodic checks" [_thread_blocked, id=13864, stack(0x000000c886600000,0x000000c886700000)]
  0x0000023bfc1e1e00 JavaThread "Daemon" [_thread_blocked, id=9092, stack(0x000000c886700000,0x000000c886800000)]
  0x0000023bf73c1f30 JavaThread "Handler for socket connection from /127.0.0.1:63851 to /127.0.0.1:63852" [_thread_in_native, id=21984, stack(0x000000c886800000,0x000000c886900000)]
  0x0000023bf73c27e0 JavaThread "Cancel handler" [_thread_blocked, id=20456, stack(0x000000c886900000,0x000000c886a00000)]
  0x0000023bf7211390 JavaThread "Daemon worker" [_thread_blocked, id=6776, stack(0x000000c886500000,0x000000c886600000)]
  0x0000023bf72118a0 JavaThread "Asynchronous log dispatcher for DefaultDaemonConnection: socket connection from /127.0.0.1:63851 to /127.0.0.1:63852" [_thread_blocked, id=16476, stack(0x000000c886a00000,0x000000c886b00000)]
  0x0000023bf72131f0 JavaThread "Stdin handler" [_thread_blocked, id=21160, stack(0x000000c886b00000,0x000000c886c00000)]
  0x0000023bf72127d0 JavaThread "Daemon client event forwarder" [_thread_blocked, id=5132, stack(0x000000c886c00000,0x000000c886d00000)]
  0x0000023bf7212ce0 JavaThread "Cache worker for journal cache (C:\Users\haris\.gradle\caches\journal-1)" [_thread_blocked, id=20128, stack(0x000000c886d00000,0x000000c886e00000)]
  0x0000023bf7210460 JavaThread "File lock request listener" [_thread_in_native, id=15728, stack(0x000000c886e00000,0x000000c886f00000)]
  0x0000023bf7213700 JavaThread "Cache worker for file hash cache (C:\Users\haris\.gradle\caches\9.0.0\fileHashes)" [_thread_blocked, id=16404, stack(0x000000c886f00000,0x000000c887000000)]
  0x0000023bf7210e80 JavaThread "Cache worker for file hash cache (D:\vite_react_to_react_native_cli_android_and_web\Admin\android\.gradle\9.0.0\fileHashes)" [_thread_blocked, id=6976, stack(0x000000c887000000,0x000000c887100000)]
  0x0000023bf72122c0 JavaThread "Cache worker for Build Output Cleanup Cache (D:\vite_react_to_react_native_cli_android_and_web\Admin\android\.gradle\buildOutputCleanup)" [_thread_blocked, id=2280, stack(0x000000c887100000,0x000000c887200000)]
  0x0000023bf720ff50 JavaThread "File watcher server" daemon [_thread_in_native, id=2660, stack(0x000000c887300000,0x000000c887400000)]
  0x0000023bf7210970 JavaThread "File watcher consumer" daemon [_thread_blocked, id=17672, stack(0x000000c887400000,0x000000c887500000)]
  0x0000023bfe6d7c90 JavaThread "Cache worker for checksums cache (D:\vite_react_to_react_native_cli_android_and_web\Admin\android\.gradle\9.0.0\checksums)" [_thread_blocked, id=3384, stack(0x000000c887500000,0x000000c887600000)]
  0x0000023bfe6db440 JavaThread "Cache worker for file content cache (C:\Users\haris\.gradle\caches\9.0.0\fileContent)" [_thread_blocked, id=19608, stack(0x000000c887200000,0x000000c887300000)]
  0x0000023bfe6daa20 JavaThread "Cache worker for cache directory md-supplier (C:\Users\haris\.gradle\caches\9.0.0\md-supplier)" [_thread_blocked, id=18068, stack(0x000000c887700000,0x000000c887800000)]
  0x0000023bfe6d90d0 JavaThread "Cache worker for cache directory md-rule (C:\Users\haris\.gradle\caches\9.0.0\md-rule)" [_thread_blocked, id=22128, stack(0x000000c887800000,0x000000c887900000)]
  0x0000023bfe6db950 JavaThread "jar transforms" [_thread_blocked, id=21488, stack(0x000000c887600000,0x000000c887700000)]
  0x0000023bfe6d8bc0 JavaThread "Cache worker for Build Output Cleanup Cache (D:\vite_react_to_react_native_cli_android_and_web\Admin\node_modules\@react-native\gradle-plugin\.gradle\buildOutputCleanup)" [_thread_blocked, id=7580, stack(0x000000c887b00000,0x000000c887c00000)]
  0x0000023bfe6daf30 JavaThread "Unconstrained build operations" [_thread_blocked, id=21308, stack(0x000000c887900000,0x000000c887a00000)]
  0x0000023bfe6d95e0 JavaThread "Unconstrained build operations Thread 2" [_thread_blocked, id=18936, stack(0x000000c887c00000,0x000000c887d00000)]
  0x0000023bfe6dbe60 JavaThread "Unconstrained build operations Thread 3" [_thread_blocked, id=12448, stack(0x000000c887d00000,0x000000c887e00000)]
  0x0000023bfe6d86b0 JavaThread "Unconstrained build operations Thread 4" [_thread_blocked, id=8420, stack(0x000000c887e00000,0x000000c887f00000)]
  0x0000023bfe6dc370 JavaThread "Unconstrained build operations Thread 5" [_thread_blocked, id=21992, stack(0x000000c887f00000,0x000000c888000000)]
  0x0000023bfe6dc880 JavaThread "Unconstrained build operations Thread 6" [_thread_blocked, id=7300, stack(0x000000c888000000,0x000000c888100000)]
  0x0000023bfe6dcd90 JavaThread "Unconstrained build operations Thread 7" [_thread_blocked, id=12456, stack(0x000000c888200000,0x000000c888300000)]
  0x0000023bfe6dd2a0 JavaThread "Unconstrained build operations Thread 8" [_thread_blocked, id=8068, stack(0x000000c888300000,0x000000c888400000)]
  0x0000023bfe6d9af0 JavaThread "Unconstrained build operations Thread 9" [_thread_blocked, id=10620, stack(0x000000c888400000,0x000000c888500000)]
  0x0000023bfe6dd7b0 JavaThread "Unconstrained build operations Thread 10" [_thread_blocked, id=3220, stack(0x000000c888500000,0x000000c888600000)]
  0x0000023bfe6da000 JavaThread "Unconstrained build operations Thread 11" [_thread_blocked, id=19036, stack(0x000000c888600000,0x000000c888700000)]
  0x0000023bfe6ddcc0 JavaThread "Unconstrained build operations Thread 12" [_thread_blocked, id=21956, stack(0x000000c888700000,0x000000c888800000)]
  0x0000023bfe6da510 JavaThread "Unconstrained build operations Thread 13" [_thread_blocked, id=20928, stack(0x000000c888800000,0x000000c888900000)]
  0x0000023bfe6de1d0 JavaThread "Unconstrained build operations Thread 14" [_thread_blocked, id=15324, stack(0x000000c888900000,0x000000c888a00000)]
  0x0000023bfe6de6e0 JavaThread "Unconstrained build operations Thread 15" [_thread_blocked, id=3340, stack(0x000000c888a00000,0x000000c888b00000)]
  0x0000023bfe6debf0 JavaThread "build event listener" [_thread_blocked, id=13388, stack(0x000000c884c00000,0x000000c884d00000)]
  0x0000023bfe6df100 JavaThread "Memory manager" [_thread_blocked, id=10660, stack(0x000000c888100000,0x000000c888200000)]
  0x0000023bfefc8b80 JavaThread "Execution worker" [_thread_blocked, id=19292, stack(0x000000c889200000,0x000000c889300000)]
  0x0000023bfefcb910 JavaThread "Execution worker Thread 2" [_thread_in_vm, id=13788, stack(0x000000c889300000,0x000000c889400000)]
  0x0000023bfefc8670 JavaThread "Execution worker Thread 3" [_thread_blocked, id=9876, stack(0x000000c889400000,0x000000c889500000)]
  0x0000023bfefcb400 JavaThread "Cache worker for execution history cache (D:\vite_react_to_react_native_cli_android_and_web\Admin\node_modules\@react-native\gradle-plugin\.gradle\9.0.0\executionHistory)" [_thread_blocked, id=21808, stack(0x000000c889500000,0x000000c889600000)]
  0x0000023bfefc9fc0 JavaThread "Unconstrained build operations Thread 16" [_thread_blocked, id=13028, stack(0x000000c889600000,0x000000c889700000)]
  0x0000023bfefc9090 JavaThread "Unconstrained build operations Thread 17" [_thread_blocked, id=20544, stack(0x000000c889700000,0x000000c889800000)]
  0x0000023bfefc8160 JavaThread "Unconstrained build operations Thread 18" [_thread_blocked, id=16300, stack(0x000000c889800000,0x000000c889900000)]
  0x0000023bfefcbe20 JavaThread "Unconstrained build operations Thread 19" [_thread_blocked, id=16792, stack(0x000000c889900000,0x000000c889a00000)]
  0x0000023bfefcc330 JavaThread "Unconstrained build operations Thread 20" [_thread_blocked, id=16780, stack(0x000000c889a00000,0x000000c889b00000)]
  0x0000023bfefcc840 JavaThread "Unconstrained build operations Thread 21" [_thread_blocked, id=11388, stack(0x000000c889b00000,0x000000c889c00000)]
  0x0000023bfefccd50 JavaThread "Unconstrained build operations Thread 22" [_thread_blocked, id=10632, stack(0x000000c889c00000,0x000000c889d00000)]
  0x0000023bfefc95a0 JavaThread "Unconstrained build operations Thread 23" [_thread_blocked, id=16232, stack(0x000000c889d00000,0x000000c889e00000)]
  0x0000023bfefcd770 JavaThread "Unconstrained build operations Thread 24" [_thread_blocked, id=19348, stack(0x000000c889e00000,0x000000c889f00000)]
  0x0000023bfefcd260 JavaThread "Unconstrained build operations Thread 25" [_thread_blocked, id=11716, stack(0x000000c889000000,0x000000c889100000)]
  0x0000023bfefcdc80 JavaThread "Unconstrained build operations Thread 26" [_thread_blocked, id=16716, stack(0x000000c889f00000,0x000000c88a000000)]
  0x0000023bfefce6a0 JavaThread "Unconstrained build operations Thread 27" [_thread_blocked, id=17716, stack(0x000000c88a000000,0x000000c88a100000)]
  0x0000023bfefce190 JavaThread "Unconstrained build operations Thread 28" [_thread_blocked, id=19192, stack(0x000000c88a100000,0x000000c88a200000)]
  0x0000023bfefcebb0 JavaThread "Unconstrained build operations Thread 29" [_thread_blocked, id=19480, stack(0x000000c88a200000,0x000000c88a300000)]
  0x0000023bfefcf0c0 JavaThread "Unconstrained build operations Thread 30" [_thread_blocked, id=21124, stack(0x000000c88a300000,0x000000c88a400000)]
  0x0000023bfefcf5d0 JavaThread "Unconstrained build operations Thread 31" [_thread_blocked, id=19120, stack(0x000000c88a400000,0x000000c88a500000)]
  0x0000023b9b2204a0 JavaThread "Unconstrained build operations Thread 32" [_thread_blocked, id=15172, stack(0x000000c88a500000,0x000000c88a600000)]
  0x0000023b9b21f570 JavaThread "Unconstrained build operations Thread 33" [_thread_blocked, id=18480, stack(0x000000c88a600000,0x000000c88a700000)]
  0x0000023b9b221df0 JavaThread "Unconstrained build operations Thread 34" [_thread_blocked, id=14808, stack(0x000000c88a700000,0x000000c88a800000)]
  0x0000023b9b222810 JavaThread "Unconstrained build operations Thread 35" [_thread_blocked, id=21156, stack(0x000000c88a800000,0x000000c88a900000)]
  0x0000023b9b2218e0 JavaThread "Unconstrained build operations Thread 36" [_thread_blocked, id=21108, stack(0x000000c88a900000,0x000000c88aa00000)]
  0x0000023b9b21f060 JavaThread "Unconstrained build operations Thread 37" [_thread_blocked, id=12840, stack(0x000000c88aa00000,0x000000c88ab00000)]
  0x0000023b9b21fa80 JavaThread "jar transforms Thread 2" [_thread_blocked, id=10704, stack(0x000000c88ab00000,0x000000c88ac00000)]
  0x0000023b9b21ff90 JavaThread "jar transforms Thread 3" [_thread_blocked, id=4992, stack(0x000000c88ac00000,0x000000c88ad00000)]
  0x0000023b9b2209b0 JavaThread "Unconstrained build operations Thread 38" [_thread_blocked, id=19496, stack(0x000000c88ae00000,0x000000c88af00000)]
  0x0000023b9b222300 JavaThread "Unconstrained build operations Thread 39" [_thread_blocked, id=2136, stack(0x000000c88af00000,0x000000c88b000000)]
  0x0000023b9b2213d0 JavaThread "Unconstrained build operations Thread 40" [_thread_blocked, id=20540, stack(0x000000c88b000000,0x000000c88b100000)]
  0x0000023b9bdad7c0 JavaThread "jar transforms Thread 4" [_thread_blocked, id=21112, stack(0x000000c884a00000,0x000000c884b00000)]
  0x0000023b9bdab450 JavaThread "build event listener" [_thread_blocked, id=16712, stack(0x000000c884b00000,0x000000c884c00000)]
  0x0000023b9bdacda0 JavaThread "Problems report writer" [_thread_blocked, id=16696, stack(0x000000c88ad00000,0x000000c88ae00000)]
  0x0000023b9bdb0550 JavaThread "ForkJoinPool.commonPool-worker-5" daemon [_thread_blocked, id=4456, stack(0x000000c88b200000,0x000000c88b300000)]
  0x0000023b9c87c470 JavaThread "pool-3-thread-1" [_thread_blocked, id=15512, stack(0x000000c888c00000,0x000000c888d00000)]
  0x0000023b9bdaf110 JavaThread "build event listener" [_thread_blocked, id=16840, stack(0x000000c888f00000,0x000000c889000000)]
  0x0000023ba43a8570 JavaThread "included builds Thread 2" [_thread_blocked, id=5448, stack(0x000000c888b00000,0x000000c888c00000)]
  0x0000023ba43a8060 JavaThread "Cache worker for execution history cache (D:\vite_react_to_react_native_cli_android_and_web\Admin\android\.gradle\9.0.0\executionHistory)" [_thread_blocked, id=20060, stack(0x000000c88b400000,0x000000c88b500000)]
  0x0000023ba3c48850 JavaThread "WorkerExecutor Queue" [_thread_in_native, id=21452, stack(0x000000c88b600000,0x000000c88b700000)]
  0x0000023b9c87d8b0 JavaThread "RMI Scheduler(0)" daemon [_thread_blocked, id=14492, stack(0x000000c88b700000,0x000000c88b800000)]
  0x0000023b9c87bf60 JavaThread "RMI RenewClean-[127.0.0.1:17858,org.jetbrains.kotlin.daemon.common.LoopbackNetworkInterface$ClientLoopbackSocketFactory@79c315b5]" daemon [_thread_blocked, id=19848, stack(0x000000c88b800000,0x000000c88b900000)]
  0x0000023ba1a2c9b0 JavaThread "RMI GC Daemon" daemon [_thread_blocked, id=21988, stack(0x000000c88b900000,0x000000c88ba00000)]
  0x0000023ba43a7130 JavaThread "WorkerExecutor Queue Thread 2" [_thread_in_native, id=18692, stack(0x000000c88ba00000,0x000000c88bb00000)]
  0x0000023ba2564980 JavaThread "RMI RenewClean-[127.0.0.1:17858,org.jetbrains.kotlin.daemon.common.LoopbackNetworkInterface$ClientLoopbackSocketFactory@fbd0329]" daemon [_thread_blocked, id=19416, stack(0x000000c88bb00000,0x000000c88bc00000)]
  0x0000023ba2880b30 JavaThread "RMI TCP Accept-0" daemon [_thread_in_native, id=4244, stack(0x000000c88bc00000,0x000000c88bd00000)]
  0x0000023ba2881f70 JavaThread "RMI Reaper" [_thread_blocked, id=12732, stack(0x000000c88bd00000,0x000000c88be00000)]
  0x0000023ba2566cf0 JavaThread "RMI TCP Connection(idle)" daemon [_thread_blocked, id=4320, stack(0x000000c88be00000,0x000000c88bf00000)]
  0x0000023ba2567200 JavaThread "RMI TCP Connection(idle)" daemon [_thread_blocked, id=17956, stack(0x000000c88bf00000,0x000000c88c000000)]
  0x0000023ba1a2bf90 JavaThread "Cache worker for Java compile cache (C:\Users\haris\.gradle\caches\9.0.0\javaCompile)" [_thread_blocked, id=20256, stack(0x000000c88c000000,0x000000c88c100000)]
  0x0000023ba1a2c4a0 JavaThread "Build operations" [_thread_blocked, id=8664, stack(0x000000c888e00000,0x000000c888f00000)]
  0x0000023ba1a2b570 JavaThread "Build operations Thread 2" [_thread_blocked, id=17848, stack(0x000000c889100000,0x000000c889200000)]
  0x0000023ba1a2d3d0 JavaThread "Build operations Thread 3" [_thread_blocked, id=13440, stack(0x000000c88b100000,0x000000c88b200000)]
  0x0000023ba2882480 JavaThread "WorkerExecutor Queue Thread 3" [_thread_blocked, id=20948, stack(0x000000c888d00000,0x000000c888e00000)]
  0x0000023ba3c4e300 JavaThread "C2 CompilerThread1" daemon [_thread_in_vm, id=19584, stack(0x000000c88c100000,0x000000c88c200000)]

Other Threads:
  0x0000023bf6facbd0 VMThread "VM Thread" [stack: 0x000000c885300000,0x000000c885400000] [id=19540]
  0x0000023bd9667a20 WatcherThread [stack: 0x000000c885f00000,0x000000c886000000] [id=20980]
  0x0000023bd96c30a0 GCTaskThread "GC Thread#0" [stack: 0x000000c884e00000,0x000000c884f00000] [id=1528]
  0x0000023bf73162c0 GCTaskThread "GC Thread#1" [stack: 0x000000c886000000,0x000000c886100000] [id=20696]
  0x0000023bf73f30e0 GCTaskThread "GC Thread#2" [stack: 0x000000c886100000,0x000000c886200000] [id=1784]
  0x0000023bfc29dba0 GCTaskThread "GC Thread#3" [stack: 0x000000c886300000,0x000000c886400000] [id=20848]
  0x0000023bd96d4910 ConcurrentGCThread "G1 Main Marker" [stack: 0x000000c884f00000,0x000000c885000000] [id=5032]
  0x0000023bd96d5870 ConcurrentGCThread "G1 Conc#0" [stack: 0x000000c885000000,0x000000c885100000] [id=1524]
  0x0000023bd972e4a0 ConcurrentGCThread "G1 Refine#0" [stack: 0x000000c885100000,0x000000c885200000] [id=10348]
  0x0000023bfe70bad0 ConcurrentGCThread "G1 Refine#1" [stack: 0x000000c887a00000,0x000000c887b00000] [id=13460]
  0x0000023bd972eb80 ConcurrentGCThread "G1 Service" [stack: 0x000000c885200000,0x000000c885300000] [id=13076]

Threads with active compile tasks:
C2 CompilerThread0   387844 26678       4       com.sun.tools.javac.comp.Resolve::findMethod (428 bytes)
C2 CompilerThread1   387845 26760       4       com.sun.tools.javac.code.Types::isAssignable (164 bytes)

VM state: not at safepoint (normal execution)

VM Mutex/Monitor currently owned by a thread: None

Heap address: 0x0000000080000000, size: 2048 MB, Compressed Oops mode: 32-bit

CDS archive(s) mapped at: [0x0000023b80000000-0x0000023b80bd0000-0x0000023b80bd0000), size 12386304, SharedBaseAddress: 0x0000023b80000000, ArchiveRelocationMode: 1.
Compressed class space mapped at: 0x0000023b81000000-0x0000023b9b000000, reserved size: 436207616
Narrow klass base: 0x0000023b80000000, Narrow klass shift: 0, Narrow klass range: 0x100000000

GC Precious Log:
 CPUs: 4 total, 4 available
 Memory: 6078M
 Large Page Support: Disabled
 NUMA Support: Disabled
 Compressed Oops: Enabled (32-bit)
 Heap Region Size: 1M
 Heap Min Capacity: 8M
 Heap Initial Capacity: 96M
 Heap Max Capacity: 2G
 Pre-touch: Disabled
 Parallel Workers: 4
 Concurrent Workers: 1
 Concurrent Refinement Workers: 4
 Periodic GC: Disabled

Heap:
 garbage-first heap   total 496640K, used 414882K [0x0000000080000000, 0x0000000100000000)
  region size 1024K, 33 young (33792K), 3 survivors (3072K)
 Metaspace       used 140971K, committed 143424K, reserved 557056K
  class space    used 19039K, committed 20224K, reserved 425984K

Heap Regions: E=young(eden), S=young(survivor), O=old, HS=humongous(starts), HC=humongous(continues), CS=collection set, F=free, OA=open archive, CA=closed archive, TAMS=top-at-mark-start (previous, next)
|   0|0x0000000080000000, 0x0000000080100000, 0x0000000080100000|100%|HS|  |TAMS 0x0000000080100000, 0x0000000080000000| Complete 
|   1|0x0000000080100000, 0x0000000080200000, 0x0000000080200000|100%|HC|  |TAMS 0x0000000080200000, 0x0000000080100000| Complete 
|   2|0x0000000080200000, 0x0000000080300000, 0x0000000080300000|100%|HC|  |TAMS 0x0000000080300000, 0x0000000080200000| Complete 
|   3|0x0000000080300000, 0x0000000080400000, 0x0000000080400000|100%| O|  |TAMS 0x0000000080400000, 0x0000000080300000| Untracked 
|   4|0x0000000080400000, 0x0000000080500000, 0x0000000080500000|100%| O|  |TAMS 0x0000000080500000, 0x0000000080400000| Untracked 
|   5|0x0000000080500000, 0x0000000080600000, 0x0000000080600000|100%| O|  |TAMS 0x0000000080600000, 0x0000000080500000| Untracked 
|   6|0x0000000080600000, 0x0000000080700000, 0x0000000080700000|100%| O|  |TAMS 0x0000000080700000, 0x0000000080600000| Untracked 
|   7|0x0000000080700000, 0x0000000080800000, 0x0000000080800000|100%|HS|  |TAMS 0x0000000080800000, 0x0000000080700000| Complete 
|   8|0x0000000080800000, 0x0000000080900000, 0x0000000080900000|100%| O|  |TAMS 0x0000000080900000, 0x0000000080800000| Untracked 
|   9|0x0000000080900000, 0x0000000080a00000, 0x0000000080a00000|100%| O|  |TAMS 0x0000000080a00000, 0x0000000080900000| Untracked 
|  10|0x0000000080a00000, 0x0000000080b00000, 0x0000000080b00000|100%| O|  |TAMS 0x0000000080b00000, 0x0000000080a00000| Untracked 
|  11|0x0000000080b00000, 0x0000000080c00000, 0x0000000080c00000|100%| O|  |TAMS 0x0000000080c00000, 0x0000000080b00000| Untracked 
|  12|0x0000000080c00000, 0x0000000080d00000, 0x0000000080d00000|100%| O|  |TAMS 0x0000000080d00000, 0x0000000080c00000| Untracked 
|  13|0x0000000080d00000, 0x0000000080e00000, 0x0000000080e00000|100%| O|  |TAMS 0x0000000080e00000, 0x0000000080d00000| Untracked 
|  14|0x0000000080e00000, 0x0000000080f00000, 0x0000000080f00000|100%| O|  |TAMS 0x0000000080f00000, 0x0000000080e00000| Untracked 
|  15|0x0000000080f00000, 0x0000000081000000, 0x0000000081000000|100%| O|  |TAMS 0x0000000081000000, 0x0000000080f00000| Untracked 
|  16|0x0000000081000000, 0x0000000081100000, 0x0000000081100000|100%| O|  |TAMS 0x0000000081100000, 0x0000000081000000| Untracked 
|  17|0x0000000081100000, 0x0000000081200000, 0x0000000081200000|100%| O|  |TAMS 0x0000000081200000, 0x0000000081100000| Untracked 
|  18|0x0000000081200000, 0x0000000081300000, 0x0000000081300000|100%| O|  |TAMS 0x0000000081300000, 0x0000000081200000| Untracked 
|  19|0x0000000081300000, 0x0000000081400000, 0x0000000081400000|100%| O|  |TAMS 0x0000000081400000, 0x0000000081300000| Untracked 
|  20|0x0000000081400000, 0x00000000814cc600, 0x0000000081500000| 79%| O|  |TAMS 0x00000000814cc600, 0x0000000081400000| Untracked 
|  21|0x0000000081500000, 0x0000000081600000, 0x0000000081600000|100%| O|  |TAMS 0x0000000081600000, 0x0000000081500000| Untracked 
|  22|0x0000000081600000, 0x0000000081700000, 0x0000000081700000|100%| O|  |TAMS 0x0000000081700000, 0x0000000081600000| Untracked 
|  23|0x0000000081700000, 0x0000000081800000, 0x0000000081800000|100%| O|  |TAMS 0x0000000081800000, 0x0000000081700000| Untracked 
|  24|0x0000000081800000, 0x0000000081900000, 0x0000000081900000|100%| O|  |TAMS 0x0000000081900000, 0x0000000081800000| Untracked 
|  25|0x0000000081900000, 0x0000000081a00000, 0x0000000081a00000|100%| O|  |TAMS 0x0000000081a00000, 0x0000000081900000| Untracked 
|  26|0x0000000081a00000, 0x0000000081b00000, 0x0000000081b00000|100%| O|  |TAMS 0x0000000081b00000, 0x0000000081a00000| Untracked 
|  27|0x0000000081b00000, 0x0000000081c00000, 0x0000000081c00000|100%| O|  |TAMS 0x0000000081c00000, 0x0000000081b00000| Untracked 
|  28|0x0000000081c00000, 0x0000000081d00000, 0x0000000081d00000|100%| O|  |TAMS 0x0000000081d00000, 0x0000000081c00000| Untracked 
|  29|0x0000000081d00000, 0x0000000081e00000, 0x0000000081e00000|100%| O|  |TAMS 0x0000000081e00000, 0x0000000081d00000| Untracked 
|  30|0x0000000081e00000, 0x0000000081f00000, 0x0000000081f00000|100%| O|  |TAMS 0x0000000081f00000, 0x0000000081e00000| Untracked 
|  31|0x0000000081f00000, 0x0000000082000000, 0x0000000082000000|100%| O|  |TAMS 0x0000000082000000, 0x0000000081f00000| Untracked 
|  32|0x0000000082000000, 0x0000000082100000, 0x0000000082100000|100%| O|  |TAMS 0x0000000082100000, 0x0000000082000000| Untracked 
|  33|0x0000000082100000, 0x0000000082200000, 0x0000000082200000|100%| O|  |TAMS 0x0000000082200000, 0x0000000082100000| Untracked 
|  34|0x0000000082200000, 0x0000000082300000, 0x0000000082300000|100%| O|  |TAMS 0x0000000082300000, 0x0000000082200000| Untracked 
|  35|0x0000000082300000, 0x0000000082400000, 0x0000000082400000|100%| O|  |TAMS 0x0000000082400000, 0x0000000082300000| Untracked 
|  36|0x0000000082400000, 0x0000000082500000, 0x0000000082500000|100%| O|  |TAMS 0x0000000082500000, 0x0000000082400000| Untracked 
|  37|0x0000000082500000, 0x0000000082600000, 0x0000000082600000|100%| O|  |TAMS 0x0000000082600000, 0x0000000082500000| Untracked 
|  38|0x0000000082600000, 0x0000000082700000, 0x0000000082700000|100%| O|  |TAMS 0x0000000082700000, 0x0000000082600000| Untracked 
|  39|0x0000000082700000, 0x0000000082800000, 0x0000000082800000|100%| O|  |TAMS 0x0000000082800000, 0x0000000082700000| Untracked 
|  40|0x0000000082800000, 0x0000000082900000, 0x0000000082900000|100%|HS|  |TAMS 0x0000000082800000, 0x0000000082800000| Complete 
|  41|0x0000000082900000, 0x0000000082a00000, 0x0000000082a00000|100%| O|  |TAMS 0x0000000082a00000, 0x0000000082900000| Untracked 
|  42|0x0000000082a00000, 0x0000000082b00000, 0x0000000082b00000|100%| O|  |TAMS 0x0000000082b00000, 0x0000000082a00000| Untracked 
|  43|0x0000000082b00000, 0x0000000082c00000, 0x0000000082c00000|100%|HS|  |TAMS 0x0000000082c00000, 0x0000000082b00000| Complete 
|  44|0x0000000082c00000, 0x0000000082d00000, 0x0000000082d00000|100%|HC|  |TAMS 0x0000000082d00000, 0x0000000082c00000| Complete 
|  45|0x0000000082d00000, 0x0000000082e00000, 0x0000000082e00000|100%|HC|  |TAMS 0x0000000082e00000, 0x0000000082d00000| Complete 
|  46|0x0000000082e00000, 0x0000000082f00000, 0x0000000082f00000|100%|HS|  |TAMS 0x0000000082f00000, 0x0000000082e00000| Complete 
|  47|0x0000000082f00000, 0x0000000083000000, 0x0000000083000000|100%|HC|  |TAMS 0x0000000083000000, 0x0000000082f00000| Complete 
|  48|0x0000000083000000, 0x0000000083100000, 0x0000000083100000|100%|HC|  |TAMS 0x0000000083100000, 0x0000000083000000| Complete 
|  49|0x0000000083100000, 0x0000000083200000, 0x0000000083200000|100%| O|  |TAMS 0x0000000083200000, 0x0000000083100000| Untracked 
|  50|0x0000000083200000, 0x0000000083300000, 0x0000000083300000|100%| O|  |TAMS 0x0000000083300000, 0x0000000083200000| Untracked 
|  51|0x0000000083300000, 0x0000000083400000, 0x0000000083400000|100%| O|  |TAMS 0x0000000083400000, 0x0000000083300000| Untracked 
|  52|0x0000000083400000, 0x0000000083500000, 0x0000000083500000|100%| O|  |TAMS 0x0000000083500000, 0x0000000083400000| Untracked 
|  53|0x0000000083500000, 0x0000000083600000, 0x0000000083600000|100%| O|  |TAMS 0x0000000083600000, 0x0000000083500000| Untracked 
|  54|0x0000000083600000, 0x0000000083700000, 0x0000000083700000|100%| O|  |TAMS 0x0000000083700000, 0x0000000083600000| Untracked 
|  55|0x0000000083700000, 0x0000000083800000, 0x0000000083800000|100%| O|  |TAMS 0x0000000083800000, 0x0000000083700000| Untracked 
|  56|0x0000000083800000, 0x0000000083900000, 0x0000000083900000|100%| O|  |TAMS 0x0000000083900000, 0x0000000083800000| Untracked 
|  57|0x0000000083900000, 0x0000000083a00000, 0x0000000083a00000|100%| O|  |TAMS 0x0000000083a00000, 0x0000000083900000| Untracked 
|  58|0x0000000083a00000, 0x0000000083b00000, 0x0000000083b00000|100%| O|  |TAMS 0x0000000083b00000, 0x0000000083a00000| Untracked 
|  59|0x0000000083b00000, 0x0000000083c00000, 0x0000000083c00000|100%| O|  |TAMS 0x0000000083c00000, 0x0000000083b00000| Untracked 
|  60|0x0000000083c00000, 0x0000000083d00000, 0x0000000083d00000|100%| O|  |TAMS 0x0000000083d00000, 0x0000000083c00000| Untracked 
|  61|0x0000000083d00000, 0x0000000083e00000, 0x0000000083e00000|100%| O|  |TAMS 0x0000000083e00000, 0x0000000083d00000| Untracked 
|  62|0x0000000083e00000, 0x0000000083f00000, 0x0000000083f00000|100%| O|  |TAMS 0x0000000083f00000, 0x0000000083e00000| Untracked 
|  63|0x0000000083f00000, 0x0000000084000000, 0x0000000084000000|100%| O|  |TAMS 0x0000000084000000, 0x0000000083f00000| Untracked 
|  64|0x0000000084000000, 0x0000000084100000, 0x0000000084100000|100%| O|  |TAMS 0x0000000084100000, 0x0000000084000000| Untracked 
|  65|0x0000000084100000, 0x0000000084200000, 0x0000000084200000|100%| O|  |TAMS 0x0000000084200000, 0x0000000084100000| Untracked 
|  66|0x0000000084200000, 0x0000000084300000, 0x0000000084300000|100%| O|  |TAMS 0x0000000084300000, 0x0000000084200000| Untracked 
|  67|0x0000000084300000, 0x0000000084400000, 0x0000000084400000|100%| O|  |TAMS 0x0000000084400000, 0x0000000084300000| Untracked 
|  68|0x0000000084400000, 0x0000000084500000, 0x0000000084500000|100%| O|  |TAMS 0x0000000084500000, 0x0000000084400000| Untracked 
|  69|0x0000000084500000, 0x0000000084600000, 0x0000000084600000|100%| O|  |TAMS 0x0000000084600000, 0x0000000084500000| Untracked 
|  70|0x0000000084600000, 0x0000000084700000, 0x0000000084700000|100%| O|  |TAMS 0x0000000084700000, 0x0000000084600000| Untracked 
|  71|0x0000000084700000, 0x0000000084800000, 0x0000000084800000|100%| O|  |TAMS 0x0000000084800000, 0x0000000084700000| Untracked 
|  72|0x0000000084800000, 0x0000000084900000, 0x0000000084900000|100%| O|  |TAMS 0x0000000084900000, 0x0000000084800000| Untracked 
|  73|0x0000000084900000, 0x0000000084a00000, 0x0000000084a00000|100%| O|  |TAMS 0x0000000084a00000, 0x0000000084900000| Untracked 
|  74|0x0000000084a00000, 0x0000000084b00000, 0x0000000084b00000|100%| O|  |TAMS 0x0000000084b00000, 0x0000000084a00000| Untracked 
|  75|0x0000000084b00000, 0x0000000084c00000, 0x0000000084c00000|100%| O|  |TAMS 0x0000000084c00000, 0x0000000084b00000| Untracked 
|  76|0x0000000084c00000, 0x0000000084d00000, 0x0000000084d00000|100%| O|  |TAMS 0x0000000084c00000, 0x0000000084c00000| Untracked 
|  77|0x0000000084d00000, 0x0000000084e00000, 0x0000000084e00000|100%|HS|  |TAMS 0x0000000084e00000, 0x0000000084d00000| Complete 
|  78|0x0000000084e00000, 0x0000000084f00000, 0x0000000084f00000|100%|HS|  |TAMS 0x0000000084f00000, 0x0000000084e00000| Complete 
|  79|0x0000000084f00000, 0x0000000085000000, 0x0000000085000000|100%|HS|  |TAMS 0x0000000085000000, 0x0000000084f00000| Complete 
|  80|0x0000000085000000, 0x0000000085100000, 0x0000000085100000|100%|HS|  |TAMS 0x0000000085100000, 0x0000000085000000| Complete 
|  81|0x0000000085100000, 0x0000000085200000, 0x0000000085200000|100%| O|  |TAMS 0x0000000085200000, 0x0000000085100000| Untracked 
|  82|0x0000000085200000, 0x0000000085300000, 0x0000000085300000|100%|HS|  |TAMS 0x0000000085300000, 0x0000000085200000| Complete 
|  83|0x0000000085300000, 0x0000000085400000, 0x0000000085400000|100%|HS|  |TAMS 0x0000000085400000, 0x0000000085300000| Complete 
|  84|0x0000000085400000, 0x0000000085500000, 0x0000000085500000|100%| O|  |TAMS 0x0000000085500000, 0x0000000085400000| Untracked 
|  85|0x0000000085500000, 0x0000000085600000, 0x0000000085600000|100%| O|  |TAMS 0x0000000085600000, 0x0000000085500000| Untracked 
|  86|0x0000000085600000, 0x0000000085700000, 0x0000000085700000|100%| O|  |TAMS 0x0000000085700000, 0x0000000085600000| Untracked 
|  87|0x0000000085700000, 0x0000000085800000, 0x0000000085800000|100%| O|  |TAMS 0x0000000085800000, 0x0000000085700000| Untracked 
|  88|0x0000000085800000, 0x0000000085900000, 0x0000000085900000|100%| O|  |TAMS 0x0000000085900000, 0x0000000085800000| Untracked 
|  89|0x0000000085900000, 0x0000000085a00000, 0x0000000085a00000|100%| O|  |TAMS 0x0000000085a00000, 0x0000000085900000| Untracked 
|  90|0x0000000085a00000, 0x0000000085b00000, 0x0000000085b00000|100%| O|  |TAMS 0x0000000085b00000, 0x0000000085a00000| Untracked 
|  91|0x0000000085b00000, 0x0000000085c00000, 0x0000000085c00000|100%| O|  |TAMS 0x0000000085c00000, 0x0000000085b00000| Untracked 
|  92|0x0000000085c00000, 0x0000000085d00000, 0x0000000085d00000|100%| O|  |TAMS 0x0000000085c00000, 0x0000000085c00000| Untracked 
|  93|0x0000000085d00000, 0x0000000085e00000, 0x0000000085e00000|100%| O|  |TAMS 0x0000000085d00000, 0x0000000085d00000| Untracked 
|  94|0x0000000085e00000, 0x0000000085f00000, 0x0000000085f00000|100%| O|  |TAMS 0x0000000085f00000, 0x0000000085e00000| Untracked 
|  95|0x0000000085f00000, 0x0000000086000000, 0x0000000086000000|100%| O|  |TAMS 0x0000000086000000, 0x0000000085f00000| Untracked 
|  96|0x0000000086000000, 0x0000000086100000, 0x0000000086100000|100%|HS|  |TAMS 0x0000000086100000, 0x0000000086000000| Complete 
|  97|0x0000000086100000, 0x0000000086200000, 0x0000000086200000|100%| O|  |TAMS 0x0000000086200000, 0x0000000086100000| Untracked 
|  98|0x0000000086200000, 0x0000000086300000, 0x0000000086300000|100%| O|  |TAMS 0x0000000086300000, 0x0000000086200000| Untracked 
|  99|0x0000000086300000, 0x0000000086400000, 0x0000000086400000|100%| O|  |TAMS 0x0000000086400000, 0x0000000086300000| Untracked 
| 100|0x0000000086400000, 0x0000000086500000, 0x0000000086500000|100%| O|  |TAMS 0x0000000086500000, 0x0000000086400000| Untracked 
| 101|0x0000000086500000, 0x0000000086600000, 0x0000000086600000|100%| O|  |TAMS 0x0000000086600000, 0x0000000086500000| Untracked 
| 102|0x0000000086600000, 0x0000000086700000, 0x0000000086700000|100%| O|  |TAMS 0x0000000086700000, 0x0000000086600000| Untracked 
| 103|0x0000000086700000, 0x0000000086800000, 0x0000000086800000|100%| O|  |TAMS 0x0000000086800000, 0x0000000086700000| Untracked 
| 104|0x0000000086800000, 0x0000000086900000, 0x0000000086900000|100%|HS|  |TAMS 0x0000000086900000, 0x0000000086800000| Complete 
| 105|0x0000000086900000, 0x0000000086a00000, 0x0000000086a00000|100%|HC|  |TAMS 0x0000000086a00000, 0x0000000086900000| Complete 
| 106|0x0000000086a00000, 0x0000000086b00000, 0x0000000086b00000|100%|HC|  |TAMS 0x0000000086b00000, 0x0000000086a00000| Complete 
| 107|0x0000000086b00000, 0x0000000086c00000, 0x0000000086c00000|100%| O|  |TAMS 0x0000000086c00000, 0x0000000086b00000| Untracked 
| 108|0x0000000086c00000, 0x0000000086d00000, 0x0000000086d00000|100%| O|  |TAMS 0x0000000086d00000, 0x0000000086c00000| Untracked 
| 109|0x0000000086d00000, 0x0000000086e00000, 0x0000000086e00000|100%| O|  |TAMS 0x0000000086e00000, 0x0000000086d00000| Untracked 
| 110|0x0000000086e00000, 0x0000000086f00000, 0x0000000086f00000|100%| O|  |TAMS 0x0000000086f00000, 0x0000000086e00000| Untracked 
| 111|0x0000000086f00000, 0x0000000087000000, 0x0000000087000000|100%| O|  |TAMS 0x0000000087000000, 0x0000000086f00000| Untracked 
| 112|0x0000000087000000, 0x0000000087100000, 0x0000000087100000|100%| O|  |TAMS 0x0000000087100000, 0x0000000087000000| Untracked 
| 113|0x0000000087100000, 0x0000000087200000, 0x0000000087200000|100%| O|  |TAMS 0x0000000087200000, 0x0000000087100000| Untracked 
| 114|0x0000000087200000, 0x0000000087300000, 0x0000000087300000|100%| O|  |TAMS 0x0000000087300000, 0x0000000087200000| Untracked 
| 115|0x0000000087300000, 0x0000000087400000, 0x0000000087400000|100%| O|  |TAMS 0x0000000087400000, 0x0000000087300000| Untracked 
| 116|0x0000000087400000, 0x0000000087500000, 0x0000000087500000|100%| O|  |TAMS 0x0000000087500000, 0x0000000087400000| Untracked 
| 117|0x0000000087500000, 0x0000000087600000, 0x0000000087600000|100%| O|  |TAMS 0x0000000087600000, 0x0000000087500000| Untracked 
| 118|0x0000000087600000, 0x0000000087700000, 0x0000000087700000|100%| O|  |TAMS 0x0000000087700000, 0x0000000087600000| Untracked 
| 119|0x0000000087700000, 0x0000000087800000, 0x0000000087800000|100%| O|  |TAMS 0x0000000087800000, 0x0000000087700000| Untracked 
| 120|0x0000000087800000, 0x0000000087900000, 0x0000000087900000|100%| O|  |TAMS 0x0000000087900000, 0x0000000087800000| Untracked 
| 121|0x0000000087900000, 0x0000000087a00000, 0x0000000087a00000|100%| O|  |TAMS 0x0000000087a00000, 0x0000000087900000| Untracked 
| 122|0x0000000087a00000, 0x0000000087b00000, 0x0000000087b00000|100%| O|  |TAMS 0x0000000087b00000, 0x0000000087a00000| Untracked 
| 123|0x0000000087b00000, 0x0000000087c00000, 0x0000000087c00000|100%| O|  |TAMS 0x0000000087c00000, 0x0000000087b00000| Untracked 
| 124|0x0000000087c00000, 0x0000000087d00000, 0x0000000087d00000|100%| O|  |TAMS 0x0000000087d00000, 0x0000000087c00000| Untracked 
| 125|0x0000000087d00000, 0x0000000087e00000, 0x0000000087e00000|100%| O|  |TAMS 0x0000000087e00000, 0x0000000087d00000| Untracked 
| 126|0x0000000087e00000, 0x0000000087f00000, 0x0000000087f00000|100%| O|  |TAMS 0x0000000087f00000, 0x0000000087e00000| Untracked 
| 127|0x0000000087f00000, 0x0000000088000000, 0x0000000088000000|100%| O|  |TAMS 0x0000000088000000, 0x0000000087f00000| Untracked 
| 128|0x0000000088000000, 0x0000000088100000, 0x0000000088100000|100%| O|  |TAMS 0x0000000088100000, 0x0000000088000000| Untracked 
| 129|0x0000000088100000, 0x0000000088200000, 0x0000000088200000|100%| O|  |TAMS 0x0000000088200000, 0x0000000088100000| Untracked 
| 130|0x0000000088200000, 0x0000000088300000, 0x0000000088300000|100%|HS|  |TAMS 0x0000000088200000, 0x0000000088200000| Complete 
| 131|0x0000000088300000, 0x0000000088400000, 0x0000000088400000|100%| O|  |TAMS 0x0000000088400000, 0x0000000088300000| Untracked 
| 132|0x0000000088400000, 0x0000000088500000, 0x0000000088500000|100%| O|  |TAMS 0x0000000088500000, 0x0000000088400000| Untracked 
| 133|0x0000000088500000, 0x0000000088600000, 0x0000000088600000|100%| O|  |TAMS 0x0000000088600000, 0x0000000088500000| Untracked 
| 134|0x0000000088600000, 0x0000000088700000, 0x0000000088700000|100%| O|  |TAMS 0x0000000088700000, 0x0000000088600000| Untracked 
| 135|0x0000000088700000, 0x0000000088800000, 0x0000000088800000|100%| O|  |TAMS 0x0000000088800000, 0x0000000088700000| Untracked 
| 136|0x0000000088800000, 0x0000000088900000, 0x0000000088900000|100%| O|  |TAMS 0x0000000088900000, 0x0000000088800000| Untracked 
| 137|0x0000000088900000, 0x0000000088a00000, 0x0000000088a00000|100%| O|  |TAMS 0x0000000088a00000, 0x0000000088900000| Untracked 
| 138|0x0000000088a00000, 0x0000000088b00000, 0x0000000088b00000|100%| O|  |TAMS 0x0000000088b00000, 0x0000000088a00000| Untracked 
| 139|0x0000000088b00000, 0x0000000088c00000, 0x0000000088c00000|100%| O|  |TAMS 0x0000000088c00000, 0x0000000088b00000| Untracked 
| 140|0x0000000088c00000, 0x0000000088d00000, 0x0000000088d00000|100%| O|  |TAMS 0x0000000088c00000, 0x0000000088c00000| Untracked 
| 141|0x0000000088d00000, 0x0000000088e00000, 0x0000000088e00000|100%| O|  |TAMS 0x0000000088d00000, 0x0000000088d00000| Untracked 
| 142|0x0000000088e00000, 0x0000000088f00000, 0x0000000088f00000|100%| O|  |TAMS 0x0000000088e00000, 0x0000000088e00000| Untracked 
| 143|0x0000000088f00000, 0x0000000089000000, 0x0000000089000000|100%| O|  |TAMS 0x0000000089000000, 0x0000000088f00000| Untracked 
| 144|0x0000000089000000, 0x0000000089100000, 0x0000000089100000|100%| O|  |TAMS 0x0000000089100000, 0x0000000089000000| Untracked 
| 145|0x0000000089100000, 0x0000000089200000, 0x0000000089200000|100%|HS|  |TAMS 0x0000000089100000, 0x0000000089100000| Complete 
| 146|0x0000000089200000, 0x0000000089300000, 0x0000000089300000|100%|HC|  |TAMS 0x0000000089200000, 0x0000000089200000| Complete 
| 147|0x0000000089300000, 0x0000000089400000, 0x0000000089400000|100%| O|  |TAMS 0x0000000089300000, 0x0000000089300000| Untracked 
| 148|0x0000000089400000, 0x0000000089500000, 0x0000000089500000|100%| O|  |TAMS 0x0000000089400000, 0x0000000089400000| Untracked 
| 149|0x0000000089500000, 0x0000000089600000, 0x0000000089600000|100%| O|  |TAMS 0x0000000089500000, 0x0000000089500000| Untracked 
| 150|0x0000000089600000, 0x0000000089700000, 0x0000000089700000|100%| O|  |TAMS 0x0000000089600000, 0x0000000089600000| Untracked 
| 151|0x0000000089700000, 0x0000000089800000, 0x0000000089800000|100%| O|  |TAMS 0x0000000089700000, 0x0000000089700000| Untracked 
| 152|0x0000000089800000, 0x0000000089900000, 0x0000000089900000|100%| O|  |TAMS 0x0000000089800000, 0x0000000089800000| Untracked 
| 153|0x0000000089900000, 0x0000000089a00000, 0x0000000089a00000|100%| O|  |TAMS 0x0000000089a00000, 0x0000000089900000| Untracked 
| 154|0x0000000089a00000, 0x0000000089b00000, 0x0000000089b00000|100%| O|  |TAMS 0x0000000089b00000, 0x0000000089a00000| Untracked 
| 155|0x0000000089b00000, 0x0000000089c00000, 0x0000000089c00000|100%| O|  |TAMS 0x0000000089c00000, 0x0000000089b00000| Untracked 
| 156|0x0000000089c00000, 0x0000000089d00000, 0x0000000089d00000|100%| O|  |TAMS 0x0000000089d00000, 0x0000000089c00000| Untracked 
| 157|0x0000000089d00000, 0x0000000089e00000, 0x0000000089e00000|100%| O|  |TAMS 0x0000000089d00000, 0x0000000089d00000| Untracked 
| 158|0x0000000089e00000, 0x0000000089f00000, 0x0000000089f00000|100%| O|  |TAMS 0x0000000089e00000, 0x0000000089e00000| Untracked 
| 159|0x0000000089f00000, 0x000000008a000000, 0x000000008a000000|100%| O|  |TAMS 0x0000000089f00000, 0x0000000089f00000| Untracked 
| 160|0x000000008a000000, 0x000000008a100000, 0x000000008a100000|100%| O|  |TAMS 0x000000008a000000, 0x000000008a000000| Untracked 
| 161|0x000000008a100000, 0x000000008a200000, 0x000000008a200000|100%| O|  |TAMS 0x000000008a100000, 0x000000008a100000| Untracked 
| 162|0x000000008a200000, 0x000000008a300000, 0x000000008a300000|100%| O|  |TAMS 0x000000008a200000, 0x000000008a200000| Untracked 
| 163|0x000000008a300000, 0x000000008a400000, 0x000000008a400000|100%| O|  |TAMS 0x000000008a300000, 0x000000008a300000| Untracked 
| 164|0x000000008a400000, 0x000000008a500000, 0x000000008a500000|100%| O|  |TAMS 0x000000008a400000, 0x000000008a400000| Untracked 
| 165|0x000000008a500000, 0x000000008a600000, 0x000000008a600000|100%| O|  |TAMS 0x000000008a500000, 0x000000008a500000| Untracked 
| 166|0x000000008a600000, 0x000000008a700000, 0x000000008a700000|100%|HS|  |TAMS 0x000000008a600000, 0x000000008a600000| Complete 
| 167|0x000000008a700000, 0x000000008a800000, 0x000000008a800000|100%| O|  |TAMS 0x000000008a800000, 0x000000008a700000| Untracked 
| 168|0x000000008a800000, 0x000000008a900000, 0x000000008a900000|100%|HS|  |TAMS 0x000000008a800000, 0x000000008a800000| Complete 
| 169|0x000000008a900000, 0x000000008aa00000, 0x000000008aa00000|100%| O|  |TAMS 0x000000008aa00000, 0x000000008a900000| Untracked 
| 170|0x000000008aa00000, 0x000000008ab00000, 0x000000008ab00000|100%|HS|  |TAMS 0x000000008ab00000, 0x000000008aa00000| Complete 
| 171|0x000000008ab00000, 0x000000008ac00000, 0x000000008ac00000|100%|HS|  |TAMS 0x000000008ac00000, 0x000000008ab00000| Complete 
| 172|0x000000008ac00000, 0x000000008ad00000, 0x000000008ad00000|100%|HS|  |TAMS 0x000000008ad00000, 0x000000008ac00000| Complete 
| 173|0x000000008ad00000, 0x000000008ae00000, 0x000000008ae00000|100%| O|  |TAMS 0x000000008ae00000, 0x000000008ad00000| Untracked 
| 174|0x000000008ae00000, 0x000000008af00000, 0x000000008af00000|100%| O|  |TAMS 0x000000008ae00000, 0x000000008ae00000| Untracked 
| 175|0x000000008af00000, 0x000000008b000000, 0x000000008b000000|100%| O|  |TAMS 0x000000008af00000, 0x000000008af00000| Untracked 
| 176|0x000000008b000000, 0x000000008b100000, 0x000000008b100000|100%| O|  |TAMS 0x000000008b000000, 0x000000008b000000| Untracked 
| 177|0x000000008b100000, 0x000000008b200000, 0x000000008b200000|100%| O|  |TAMS 0x000000008b200000, 0x000000008b100000| Untracked 
| 178|0x000000008b200000, 0x000000008b300000, 0x000000008b300000|100%| O|  |TAMS 0x000000008b300000, 0x000000008b200000| Untracked 
| 179|0x000000008b300000, 0x000000008b400000, 0x000000008b400000|100%| O|  |TAMS 0x000000008b400000, 0x000000008b300000| Untracked 
| 180|0x000000008b400000, 0x000000008b500000, 0x000000008b500000|100%| O|  |TAMS 0x000000008b400000, 0x000000008b400000| Untracked 
| 181|0x000000008b500000, 0x000000008b600000, 0x000000008b600000|100%| O|  |TAMS 0x000000008b600000, 0x000000008b500000| Untracked 
| 182|0x000000008b600000, 0x000000008b700000, 0x000000008b700000|100%| O|  |TAMS 0x000000008b700000, 0x000000008b600000| Untracked 
| 183|0x000000008b700000, 0x000000008b800000, 0x000000008b800000|100%| O|  |TAMS 0x000000008b700000, 0x000000008b700000| Untracked 
| 184|0x000000008b800000, 0x000000008b900000, 0x000000008b900000|100%| O|  |TAMS 0x000000008b900000, 0x000000008b800000| Untracked 
| 185|0x000000008b900000, 0x000000008ba00000, 0x000000008ba00000|100%| O|  |TAMS 0x000000008ba00000, 0x000000008b900000| Untracked 
| 186|0x000000008ba00000, 0x000000008bb00000, 0x000000008bb00000|100%| O|  |TAMS 0x000000008bb00000, 0x000000008ba00000| Untracked 
| 187|0x000000008bb00000, 0x000000008bc00000, 0x000000008bc00000|100%| O|  |TAMS 0x000000008bc00000, 0x000000008bb00000| Untracked 
| 188|0x000000008bc00000, 0x000000008bd00000, 0x000000008bd00000|100%| O|  |TAMS 0x000000008bc00000, 0x000000008bc00000| Untracked 
| 189|0x000000008bd00000, 0x000000008be00000, 0x000000008be00000|100%| O|  |TAMS 0x000000008bd00000, 0x000000008bd00000| Untracked 
| 190|0x000000008be00000, 0x000000008bf00000, 0x000000008bf00000|100%| O|  |TAMS 0x000000008be00000, 0x000000008be00000| Untracked 
| 191|0x000000008bf00000, 0x000000008c000000, 0x000000008c000000|100%| O|  |TAMS 0x000000008bf00000, 0x000000008bf00000| Untracked 
| 192|0x000000008c000000, 0x000000008c100000, 0x000000008c100000|100%| O|  |TAMS 0x000000008c100000, 0x000000008c000000| Untracked 
| 193|0x000000008c100000, 0x000000008c200000, 0x000000008c200000|100%|HS|  |TAMS 0x000000008c200000, 0x000000008c100000| Complete 
| 194|0x000000008c200000, 0x000000008c300000, 0x000000008c300000|100%|HS|  |TAMS 0x000000008c300000, 0x000000008c200000| Complete 
| 195|0x000000008c300000, 0x000000008c400000, 0x000000008c400000|100%|HS|  |TAMS 0x000000008c400000, 0x000000008c300000| Complete 
| 196|0x000000008c400000, 0x000000008c500000, 0x000000008c500000|100%|HS|  |TAMS 0x000000008c500000, 0x000000008c400000| Complete 
| 197|0x000000008c500000, 0x000000008c600000, 0x000000008c600000|100%| O|  |TAMS 0x000000008c600000, 0x000000008c500000| Untracked 
| 198|0x000000008c600000, 0x000000008c700000, 0x000000008c700000|100%| O|  |TAMS 0x000000008c600000, 0x000000008c600000| Untracked 
| 199|0x000000008c700000, 0x000000008c800000, 0x000000008c800000|100%| O|  |TAMS 0x000000008c800000, 0x000000008c700000| Untracked 
| 200|0x000000008c800000, 0x000000008c900000, 0x000000008c900000|100%| O|  |TAMS 0x000000008c900000, 0x000000008c800000| Untracked 
| 201|0x000000008c900000, 0x000000008ca00000, 0x000000008ca00000|100%| O|  |TAMS 0x000000008ca00000, 0x000000008c900000| Untracked 
| 202|0x000000008ca00000, 0x000000008cb00000, 0x000000008cb00000|100%| O|  |TAMS 0x000000008cb00000, 0x000000008ca00000| Untracked 
| 203|0x000000008cb00000, 0x000000008cc00000, 0x000000008cc00000|100%| O|  |TAMS 0x000000008cc00000, 0x000000008cb00000| Untracked 
| 204|0x000000008cc00000, 0x000000008cd00000, 0x000000008cd00000|100%| O|  |TAMS 0x000000008cd00000, 0x000000008cc00000| Untracked 
| 205|0x000000008cd00000, 0x000000008ce00000, 0x000000008ce00000|100%| O|  |TAMS 0x000000008cd00000, 0x000000008cd00000| Untracked 
| 206|0x000000008ce00000, 0x000000008cf00000, 0x000000008cf00000|100%| O|  |TAMS 0x000000008ce00000, 0x000000008ce00000| Untracked 
| 207|0x000000008cf00000, 0x000000008d000000, 0x000000008d000000|100%| O|  |TAMS 0x000000008d000000, 0x000000008cf00000| Untracked 
| 208|0x000000008d000000, 0x000000008d100000, 0x000000008d100000|100%| O|  |TAMS 0x000000008d100000, 0x000000008d000000| Untracked 
| 209|0x000000008d100000, 0x000000008d200000, 0x000000008d200000|100%| O|  |TAMS 0x000000008d200000, 0x000000008d100000| Untracked 
| 210|0x000000008d200000, 0x000000008d300000, 0x000000008d300000|100%| O|  |TAMS 0x000000008d300000, 0x000000008d200000| Untracked 
| 211|0x000000008d300000, 0x000000008d400000, 0x000000008d400000|100%| O|  |TAMS 0x000000008d300000, 0x000000008d300000| Untracked 
| 212|0x000000008d400000, 0x000000008d500000, 0x000000008d500000|100%| O|  |TAMS 0x000000008d500000, 0x000000008d400000| Untracked 
| 213|0x000000008d500000, 0x000000008d600000, 0x000000008d600000|100%| O|  |TAMS 0x000000008d600000, 0x000000008d500000| Untracked 
| 214|0x000000008d600000, 0x000000008d700000, 0x000000008d700000|100%| O|  |TAMS 0x000000008d600000, 0x000000008d600000| Untracked 
| 215|0x000000008d700000, 0x000000008d800000, 0x000000008d800000|100%| O|  |TAMS 0x000000008d700000, 0x000000008d700000| Untracked 
| 216|0x000000008d800000, 0x000000008d900000, 0x000000008d900000|100%| O|  |TAMS 0x000000008d800000, 0x000000008d800000| Untracked 
| 217|0x000000008d900000, 0x000000008da00000, 0x000000008da00000|100%| O|  |TAMS 0x000000008da00000, 0x000000008d900000| Untracked 
| 218|0x000000008da00000, 0x000000008db00000, 0x000000008db00000|100%| O|  |TAMS 0x000000008da00000, 0x000000008da00000| Untracked 
| 219|0x000000008db00000, 0x000000008dc00000, 0x000000008dc00000|100%| O|  |TAMS 0x000000008dc00000, 0x000000008db00000| Untracked 
| 220|0x000000008dc00000, 0x000000008dd00000, 0x000000008dd00000|100%|HS|  |TAMS 0x000000008dd00000, 0x000000008dc00000| Complete 
| 221|0x000000008dd00000, 0x000000008de00000, 0x000000008de00000|100%|HS|  |TAMS 0x000000008de00000, 0x000000008dd00000| Complete 
| 222|0x000000008de00000, 0x000000008df00000, 0x000000008df00000|100%|HS|  |TAMS 0x000000008df00000, 0x000000008de00000| Complete 
| 223|0x000000008df00000, 0x000000008e000000, 0x000000008e000000|100%| O|  |TAMS 0x000000008e000000, 0x000000008df00000| Untracked 
| 224|0x000000008e000000, 0x000000008e100000, 0x000000008e100000|100%| O|  |TAMS 0x000000008e100000, 0x000000008e000000| Untracked 
| 225|0x000000008e100000, 0x000000008e200000, 0x000000008e200000|100%| O|  |TAMS 0x000000008e200000, 0x000000008e100000| Untracked 
| 226|0x000000008e200000, 0x000000008e300000, 0x000000008e300000|100%| O|  |TAMS 0x000000008e200000, 0x000000008e200000| Untracked 
| 227|0x000000008e300000, 0x000000008e400000, 0x000000008e400000|100%| O|  |TAMS 0x000000008e300000, 0x000000008e300000| Untracked 
| 228|0x000000008e400000, 0x000000008e500000, 0x000000008e500000|100%| O|  |TAMS 0x000000008e400000, 0x000000008e400000| Untracked 
| 229|0x000000008e500000, 0x000000008e600000, 0x000000008e600000|100%| O|  |TAMS 0x000000008e500000, 0x000000008e500000| Untracked 
| 230|0x000000008e600000, 0x000000008e700000, 0x000000008e700000|100%| O|  |TAMS 0x000000008e700000, 0x000000008e600000| Untracked 
| 231|0x000000008e700000, 0x000000008e800000, 0x000000008e800000|100%| O|  |TAMS 0x000000008e800000, 0x000000008e700000| Untracked 
| 232|0x000000008e800000, 0x000000008e900000, 0x000000008e900000|100%| O|  |TAMS 0x000000008e900000, 0x000000008e800000| Untracked 
| 233|0x000000008e900000, 0x000000008ea00000, 0x000000008ea00000|100%| O|  |TAMS 0x000000008ea00000, 0x000000008e900000| Untracked 
| 234|0x000000008ea00000, 0x000000008eb00000, 0x000000008eb00000|100%| O|  |TAMS 0x000000008eb00000, 0x000000008ea00000| Untracked 
| 235|0x000000008eb00000, 0x000000008ec00000, 0x000000008ec00000|100%| O|  |TAMS 0x000000008ec00000, 0x000000008eb00000| Untracked 
| 236|0x000000008ec00000, 0x000000008ed00000, 0x000000008ed00000|100%| O|  |TAMS 0x000000008ed00000, 0x000000008ec00000| Untracked 
| 237|0x000000008ed00000, 0x000000008ee00000, 0x000000008ee00000|100%| O|  |TAMS 0x000000008ee00000, 0x000000008ed00000| Untracked 
| 238|0x000000008ee00000, 0x000000008ef00000, 0x000000008ef00000|100%| O|  |TAMS 0x000000008ee00000, 0x000000008ee00000| Untracked 
| 239|0x000000008ef00000, 0x000000008f000000, 0x000000008f000000|100%| O|  |TAMS 0x000000008ef00000, 0x000000008ef00000| Untracked 
| 240|0x000000008f000000, 0x000000008f100000, 0x000000008f100000|100%| O|  |TAMS 0x000000008f100000, 0x000000008f000000| Untracked 
| 241|0x000000008f100000, 0x000000008f200000, 0x000000008f200000|100%| O|  |TAMS 0x000000008f200000, 0x000000008f100000| Untracked 
| 242|0x000000008f200000, 0x000000008f300000, 0x000000008f300000|100%| O|  |TAMS 0x000000008f300000, 0x000000008f200000| Untracked 
| 243|0x000000008f300000, 0x000000008f400000, 0x000000008f400000|100%| O|  |TAMS 0x000000008f400000, 0x000000008f300000| Untracked 
| 244|0x000000008f400000, 0x000000008f500000, 0x000000008f500000|100%| O|  |TAMS 0x000000008f500000, 0x000000008f400000| Untracked 
| 245|0x000000008f500000, 0x000000008f600000, 0x000000008f600000|100%| O|  |TAMS 0x000000008f600000, 0x000000008f500000| Untracked 
| 246|0x000000008f600000, 0x000000008f700000, 0x000000008f700000|100%| O|  |TAMS 0x000000008f700000, 0x000000008f600000| Untracked 
| 247|0x000000008f700000, 0x000000008f800000, 0x000000008f800000|100%| O|  |TAMS 0x000000008f800000, 0x000000008f700000| Untracked 
| 248|0x000000008f800000, 0x000000008f900000, 0x000000008f900000|100%| O|  |TAMS 0x000000008f800000, 0x000000008f800000| Untracked 
| 249|0x000000008f900000, 0x000000008fa00000, 0x000000008fa00000|100%| O|  |TAMS 0x000000008f900000, 0x000000008f900000| Untracked 
| 250|0x000000008fa00000, 0x000000008fb00000, 0x000000008fb00000|100%| O|  |TAMS 0x000000008fb00000, 0x000000008fa00000| Untracked 
| 251|0x000000008fb00000, 0x000000008fc00000, 0x000000008fc00000|100%| O|  |TAMS 0x000000008fb00000, 0x000000008fb00000| Untracked 
| 252|0x000000008fc00000, 0x000000008fd00000, 0x000000008fd00000|100%| O|  |TAMS 0x000000008fc00000, 0x000000008fc00000| Untracked 
| 253|0x000000008fd00000, 0x000000008fe00000, 0x000000008fe00000|100%| O|  |TAMS 0x000000008fd00000, 0x000000008fd00000| Untracked 
| 254|0x000000008fe00000, 0x000000008ff00000, 0x000000008ff00000|100%| O|  |TAMS 0x000000008fe3ea00, 0x000000008fe00000| Untracked 
| 255|0x000000008ff00000, 0x0000000090000000, 0x0000000090000000|100%| O|  |TAMS 0x000000008ff00000, 0x000000008ff00000| Untracked 
| 256|0x0000000090000000, 0x0000000090100000, 0x0000000090100000|100%| O|  |TAMS 0x0000000090000000, 0x0000000090000000| Untracked 
| 257|0x0000000090100000, 0x0000000090200000, 0x0000000090200000|100%| O|  |TAMS 0x0000000090100000, 0x0000000090100000| Untracked 
| 258|0x0000000090200000, 0x0000000090300000, 0x0000000090300000|100%| O|  |TAMS 0x0000000090200000, 0x0000000090200000| Untracked 
| 259|0x0000000090300000, 0x0000000090400000, 0x0000000090400000|100%| O|  |TAMS 0x0000000090300000, 0x0000000090300000| Untracked 
| 260|0x0000000090400000, 0x0000000090500000, 0x0000000090500000|100%| O|  |TAMS 0x0000000090400000, 0x0000000090400000| Untracked 
| 261|0x0000000090500000, 0x0000000090600000, 0x0000000090600000|100%| O|  |TAMS 0x0000000090500000, 0x0000000090500000| Untracked 
| 262|0x0000000090600000, 0x0000000090700000, 0x0000000090700000|100%| O|  |TAMS 0x0000000090600000, 0x0000000090600000| Untracked 
| 263|0x0000000090700000, 0x0000000090800000, 0x0000000090800000|100%| O|  |TAMS 0x0000000090700000, 0x0000000090700000| Untracked 
| 264|0x0000000090800000, 0x0000000090900000, 0x0000000090900000|100%| O|  |TAMS 0x0000000090800000, 0x0000000090800000| Untracked 
| 265|0x0000000090900000, 0x0000000090a00000, 0x0000000090a00000|100%| O|  |TAMS 0x0000000090900000, 0x0000000090900000| Untracked 
| 266|0x0000000090a00000, 0x0000000090b00000, 0x0000000090b00000|100%| O|  |TAMS 0x0000000090a00000, 0x0000000090a00000| Untracked 
| 267|0x0000000090b00000, 0x0000000090c00000, 0x0000000090c00000|100%| O|  |TAMS 0x0000000090b00000, 0x0000000090b00000| Untracked 
| 268|0x0000000090c00000, 0x0000000090d00000, 0x0000000090d00000|100%| O|  |TAMS 0x0000000090c00000, 0x0000000090c00000| Untracked 
| 269|0x0000000090d00000, 0x0000000090e00000, 0x0000000090e00000|100%| O|  |TAMS 0x0000000090d00000, 0x0000000090d00000| Untracked 
| 270|0x0000000090e00000, 0x0000000090f00000, 0x0000000090f00000|100%| O|  |TAMS 0x0000000090e00000, 0x0000000090e00000| Untracked 
| 271|0x0000000090f00000, 0x0000000091000000, 0x0000000091000000|100%| O|  |TAMS 0x0000000090f00000, 0x0000000090f00000| Untracked 
| 272|0x0000000091000000, 0x0000000091100000, 0x0000000091100000|100%| O|  |TAMS 0x0000000091000000, 0x0000000091000000| Untracked 
| 273|0x0000000091100000, 0x0000000091200000, 0x0000000091200000|100%| O|  |TAMS 0x0000000091100000, 0x0000000091100000| Untracked 
| 274|0x0000000091200000, 0x0000000091300000, 0x0000000091300000|100%| O|  |TAMS 0x0000000091200000, 0x0000000091200000| Untracked 
| 275|0x0000000091300000, 0x0000000091400000, 0x0000000091400000|100%| O|  |TAMS 0x0000000091300000, 0x0000000091300000| Untracked 
| 276|0x0000000091400000, 0x0000000091500000, 0x0000000091500000|100%| O|  |TAMS 0x0000000091400000, 0x0000000091400000| Untracked 
| 277|0x0000000091500000, 0x0000000091600000, 0x0000000091600000|100%| O|  |TAMS 0x0000000091500000, 0x0000000091500000| Untracked 
| 278|0x0000000091600000, 0x0000000091700000, 0x0000000091700000|100%| O|  |TAMS 0x0000000091600000, 0x0000000091600000| Untracked 
| 279|0x0000000091700000, 0x0000000091800000, 0x0000000091800000|100%| O|  |TAMS 0x0000000091700000, 0x0000000091700000| Untracked 
| 280|0x0000000091800000, 0x0000000091900000, 0x0000000091900000|100%| O|  |TAMS 0x0000000091800000, 0x0000000091800000| Untracked 
| 281|0x0000000091900000, 0x0000000091a00000, 0x0000000091a00000|100%| O|  |TAMS 0x0000000091900000, 0x0000000091900000| Untracked 
| 282|0x0000000091a00000, 0x0000000091b00000, 0x0000000091b00000|100%| O|  |TAMS 0x0000000091a00000, 0x0000000091a00000| Untracked 
| 283|0x0000000091b00000, 0x0000000091c00000, 0x0000000091c00000|100%| O|  |TAMS 0x0000000091b00000, 0x0000000091b00000| Untracked 
| 284|0x0000000091c00000, 0x0000000091d00000, 0x0000000091d00000|100%| O|  |TAMS 0x0000000091c00000, 0x0000000091c00000| Untracked 
| 285|0x0000000091d00000, 0x0000000091e00000, 0x0000000091e00000|100%| O|  |TAMS 0x0000000091d00000, 0x0000000091d00000| Untracked 
| 286|0x0000000091e00000, 0x0000000091f00000, 0x0000000091f00000|100%| O|  |TAMS 0x0000000091e00000, 0x0000000091e00000| Untracked 
| 287|0x0000000091f00000, 0x0000000092000000, 0x0000000092000000|100%| O|  |TAMS 0x0000000091f00000, 0x0000000091f00000| Untracked 
| 288|0x0000000092000000, 0x0000000092100000, 0x0000000092100000|100%| O|  |TAMS 0x0000000092000000, 0x0000000092000000| Untracked 
| 289|0x0000000092100000, 0x0000000092200000, 0x0000000092200000|100%| O|  |TAMS 0x0000000092100000, 0x0000000092100000| Untracked 
| 290|0x0000000092200000, 0x0000000092300000, 0x0000000092300000|100%| O|  |TAMS 0x0000000092200000, 0x0000000092200000| Untracked 
| 291|0x0000000092300000, 0x0000000092400000, 0x0000000092400000|100%| O|  |TAMS 0x0000000092300000, 0x0000000092300000| Untracked 
| 292|0x0000000092400000, 0x0000000092500000, 0x0000000092500000|100%| O|  |TAMS 0x0000000092400000, 0x0000000092400000| Untracked 
| 293|0x0000000092500000, 0x0000000092600000, 0x0000000092600000|100%| O|  |TAMS 0x0000000092500000, 0x0000000092500000| Untracked 
| 294|0x0000000092600000, 0x0000000092700000, 0x0000000092700000|100%| O|  |TAMS 0x0000000092600000, 0x0000000092600000| Untracked 
| 295|0x0000000092700000, 0x0000000092800000, 0x0000000092800000|100%| O|  |TAMS 0x0000000092700000, 0x0000000092700000| Untracked 
| 296|0x0000000092800000, 0x0000000092900000, 0x0000000092900000|100%| O|  |TAMS 0x0000000092800000, 0x0000000092800000| Untracked 
| 297|0x0000000092900000, 0x0000000092a00000, 0x0000000092a00000|100%| O|  |TAMS 0x0000000092900000, 0x0000000092900000| Untracked 
| 298|0x0000000092a00000, 0x0000000092b00000, 0x0000000092b00000|100%| O|  |TAMS 0x0000000092a00000, 0x0000000092a00000| Untracked 
| 299|0x0000000092b00000, 0x0000000092c00000, 0x0000000092c00000|100%| O|  |TAMS 0x0000000092b00000, 0x0000000092b00000| Untracked 
| 300|0x0000000092c00000, 0x0000000092d00000, 0x0000000092d00000|100%| O|  |TAMS 0x0000000092c00000, 0x0000000092c00000| Untracked 
| 301|0x0000000092d00000, 0x0000000092e00000, 0x0000000092e00000|100%| O|  |TAMS 0x0000000092d00000, 0x0000000092d00000| Untracked 
| 302|0x0000000092e00000, 0x0000000092f00000, 0x0000000092f00000|100%| O|  |TAMS 0x0000000092e00000, 0x0000000092e00000| Untracked 
| 303|0x0000000092f00000, 0x0000000093000000, 0x0000000093000000|100%| O|  |TAMS 0x0000000092f00000, 0x0000000092f00000| Untracked 
| 304|0x0000000093000000, 0x0000000093100000, 0x0000000093100000|100%| O|  |TAMS 0x0000000093000000, 0x0000000093000000| Untracked 
| 305|0x0000000093100000, 0x0000000093200000, 0x0000000093200000|100%| O|  |TAMS 0x0000000093100000, 0x0000000093100000| Untracked 
| 306|0x0000000093200000, 0x0000000093300000, 0x0000000093300000|100%| O|  |TAMS 0x0000000093200000, 0x0000000093200000| Untracked 
| 307|0x0000000093300000, 0x0000000093400000, 0x0000000093400000|100%| O|  |TAMS 0x0000000093300000, 0x0000000093300000| Untracked 
| 308|0x0000000093400000, 0x0000000093500000, 0x0000000093500000|100%| O|  |TAMS 0x0000000093400000, 0x0000000093400000| Untracked 
| 309|0x0000000093500000, 0x0000000093600000, 0x0000000093600000|100%| O|  |TAMS 0x0000000093500000, 0x0000000093500000| Untracked 
| 310|0x0000000093600000, 0x0000000093700000, 0x0000000093700000|100%| O|  |TAMS 0x0000000093600000, 0x0000000093600000| Untracked 
| 311|0x0000000093700000, 0x0000000093800000, 0x0000000093800000|100%| O|  |TAMS 0x0000000093700000, 0x0000000093700000| Untracked 
| 312|0x0000000093800000, 0x0000000093900000, 0x0000000093900000|100%| O|  |TAMS 0x0000000093800000, 0x0000000093800000| Untracked 
| 313|0x0000000093900000, 0x0000000093a00000, 0x0000000093a00000|100%| O|  |TAMS 0x0000000093900000, 0x0000000093900000| Untracked 
| 314|0x0000000093a00000, 0x0000000093b00000, 0x0000000093b00000|100%| O|  |TAMS 0x0000000093a00000, 0x0000000093a00000| Untracked 
| 315|0x0000000093b00000, 0x0000000093c00000, 0x0000000093c00000|100%| O|  |TAMS 0x0000000093b00000, 0x0000000093b00000| Untracked 
| 316|0x0000000093c00000, 0x0000000093d00000, 0x0000000093d00000|100%| O|  |TAMS 0x0000000093c00000, 0x0000000093c00000| Untracked 
| 317|0x0000000093d00000, 0x0000000093e00000, 0x0000000093e00000|100%| O|  |TAMS 0x0000000093d00000, 0x0000000093d00000| Untracked 
| 318|0x0000000093e00000, 0x0000000093f00000, 0x0000000093f00000|100%| O|  |TAMS 0x0000000093e00000, 0x0000000093e00000| Untracked 
| 319|0x0000000093f00000, 0x0000000094000000, 0x0000000094000000|100%| O|  |TAMS 0x0000000093f00000, 0x0000000093f00000| Untracked 
| 320|0x0000000094000000, 0x0000000094100000, 0x0000000094100000|100%| O|  |TAMS 0x0000000094000000, 0x0000000094000000| Untracked 
| 321|0x0000000094100000, 0x0000000094200000, 0x0000000094200000|100%| O|  |TAMS 0x0000000094100000, 0x0000000094100000| Untracked 
| 322|0x0000000094200000, 0x0000000094300000, 0x0000000094300000|100%| O|  |TAMS 0x0000000094200000, 0x0000000094200000| Untracked 
| 323|0x0000000094300000, 0x0000000094400000, 0x0000000094400000|100%| O|  |TAMS 0x0000000094300000, 0x0000000094300000| Untracked 
| 324|0x0000000094400000, 0x0000000094500000, 0x0000000094500000|100%| O|  |TAMS 0x0000000094400000, 0x0000000094400000| Untracked 
| 325|0x0000000094500000, 0x0000000094600000, 0x0000000094600000|100%| O|  |TAMS 0x0000000094500000, 0x0000000094500000| Untracked 
| 326|0x0000000094600000, 0x0000000094700000, 0x0000000094700000|100%| O|  |TAMS 0x0000000094600000, 0x0000000094600000| Untracked 
| 327|0x0000000094700000, 0x0000000094800000, 0x0000000094800000|100%| O|  |TAMS 0x0000000094700000, 0x0000000094700000| Untracked 
| 328|0x0000000094800000, 0x0000000094900000, 0x0000000094900000|100%| O|  |TAMS 0x0000000094800000, 0x0000000094800000| Untracked 
| 329|0x0000000094900000, 0x0000000094a00000, 0x0000000094a00000|100%| O|  |TAMS 0x0000000094900000, 0x0000000094900000| Untracked 
| 330|0x0000000094a00000, 0x0000000094b00000, 0x0000000094b00000|100%| O|  |TAMS 0x0000000094a00000, 0x0000000094a00000| Untracked 
| 331|0x0000000094b00000, 0x0000000094c00000, 0x0000000094c00000|100%| O|  |TAMS 0x0000000094b00000, 0x0000000094b00000| Untracked 
| 332|0x0000000094c00000, 0x0000000094d00000, 0x0000000094d00000|100%| O|  |TAMS 0x0000000094c00000, 0x0000000094c00000| Untracked 
| 333|0x0000000094d00000, 0x0000000094e00000, 0x0000000094e00000|100%| O|  |TAMS 0x0000000094d00000, 0x0000000094d00000| Untracked 
| 334|0x0000000094e00000, 0x0000000094f00000, 0x0000000094f00000|100%| O|  |TAMS 0x0000000094e00000, 0x0000000094e00000| Untracked 
| 335|0x0000000094f00000, 0x0000000095000000, 0x0000000095000000|100%|HS|  |TAMS 0x0000000094f00000, 0x0000000094f00000| Complete 
| 336|0x0000000095000000, 0x0000000095100000, 0x0000000095100000|100%|HC|  |TAMS 0x0000000095000000, 0x0000000095000000| Complete 
| 337|0x0000000095100000, 0x0000000095200000, 0x0000000095200000|100%| O|  |TAMS 0x0000000095100000, 0x0000000095100000| Untracked 
| 338|0x0000000095200000, 0x0000000095300000, 0x0000000095300000|100%| O|  |TAMS 0x0000000095200000, 0x0000000095200000| Untracked 
| 339|0x0000000095300000, 0x0000000095400000, 0x0000000095400000|100%| O|  |TAMS 0x0000000095300000, 0x0000000095300000| Untracked 
| 340|0x0000000095400000, 0x0000000095500000, 0x0000000095500000|100%| O|  |TAMS 0x0000000095400000, 0x0000000095400000| Untracked 
| 341|0x0000000095500000, 0x0000000095600000, 0x0000000095600000|100%| O|  |TAMS 0x0000000095500000, 0x0000000095500000| Untracked 
| 342|0x0000000095600000, 0x0000000095700000, 0x0000000095700000|100%| O|  |TAMS 0x0000000095600000, 0x0000000095600000| Untracked 
| 343|0x0000000095700000, 0x0000000095800000, 0x0000000095800000|100%| O|  |TAMS 0x0000000095700000, 0x0000000095700000| Untracked 
| 344|0x0000000095800000, 0x0000000095900000, 0x0000000095900000|100%| O|  |TAMS 0x0000000095800000, 0x0000000095800000| Untracked 
| 345|0x0000000095900000, 0x0000000095a00000, 0x0000000095a00000|100%| O|  |TAMS 0x0000000095900000, 0x0000000095900000| Untracked 
| 346|0x0000000095a00000, 0x0000000095b00000, 0x0000000095b00000|100%| O|  |TAMS 0x0000000095a00000, 0x0000000095a00000| Untracked 
| 347|0x0000000095b00000, 0x0000000095c00000, 0x0000000095c00000|100%| O|  |TAMS 0x0000000095b00000, 0x0000000095b00000| Untracked 
| 348|0x0000000095c00000, 0x0000000095d00000, 0x0000000095d00000|100%|HS|  |TAMS 0x0000000095c00000, 0x0000000095c00000| Complete 
| 349|0x0000000095d00000, 0x0000000095e00000, 0x0000000095e00000|100%|HC|  |TAMS 0x0000000095d00000, 0x0000000095d00000| Complete 
| 350|0x0000000095e00000, 0x0000000095f00000, 0x0000000095f00000|100%| O|  |TAMS 0x0000000095e00000, 0x0000000095e00000| Untracked 
| 351|0x0000000095f00000, 0x0000000096000000, 0x0000000096000000|100%| O|  |TAMS 0x0000000095f00000, 0x0000000095f00000| Untracked 
| 352|0x0000000096000000, 0x0000000096100000, 0x0000000096100000|100%| O|  |TAMS 0x0000000096000000, 0x0000000096000000| Untracked 
| 353|0x0000000096100000, 0x0000000096200000, 0x0000000096200000|100%| O|  |TAMS 0x0000000096100000, 0x0000000096100000| Untracked 
| 354|0x0000000096200000, 0x0000000096300000, 0x0000000096300000|100%| O|  |TAMS 0x0000000096200000, 0x0000000096200000| Untracked 
| 355|0x0000000096300000, 0x0000000096400000, 0x0000000096400000|100%| O|  |TAMS 0x0000000096300000, 0x0000000096300000| Untracked 
| 356|0x0000000096400000, 0x0000000096500000, 0x0000000096500000|100%| O|  |TAMS 0x0000000096400000, 0x0000000096400000| Untracked 
| 357|0x0000000096500000, 0x0000000096600000, 0x0000000096600000|100%| O|  |TAMS 0x0000000096500000, 0x0000000096500000| Untracked 
| 358|0x0000000096600000, 0x0000000096700000, 0x0000000096700000|100%| O|  |TAMS 0x0000000096600000, 0x0000000096600000| Untracked 
| 359|0x0000000096700000, 0x0000000096800000, 0x0000000096800000|100%| O|  |TAMS 0x0000000096700000, 0x0000000096700000| Untracked 
| 360|0x0000000096800000, 0x0000000096900000, 0x0000000096900000|100%| O|  |TAMS 0x0000000096800000, 0x0000000096800000| Untracked 
| 361|0x0000000096900000, 0x0000000096a00000, 0x0000000096a00000|100%| O|  |TAMS 0x0000000096900000, 0x0000000096900000| Untracked 
| 362|0x0000000096a00000, 0x0000000096b00000, 0x0000000096b00000|100%| O|  |TAMS 0x0000000096a00000, 0x0000000096a00000| Untracked 
| 363|0x0000000096b00000, 0x0000000096c00000, 0x0000000096c00000|100%| O|  |TAMS 0x0000000096b00000, 0x0000000096b00000| Untracked 
| 364|0x0000000096c00000, 0x0000000096d00000, 0x0000000096d00000|100%| O|  |TAMS 0x0000000096c00000, 0x0000000096c00000| Untracked 
| 365|0x0000000096d00000, 0x0000000096e00000, 0x0000000096e00000|100%| O|  |TAMS 0x0000000096d00000, 0x0000000096d00000| Untracked 
| 366|0x0000000096e00000, 0x0000000096f00000, 0x0000000096f00000|100%| O|  |TAMS 0x0000000096e00000, 0x0000000096e00000| Untracked 
| 367|0x0000000096f00000, 0x0000000097000000, 0x0000000097000000|100%| O|  |TAMS 0x0000000096f00000, 0x0000000096f00000| Untracked 
| 368|0x0000000097000000, 0x0000000097100000, 0x0000000097100000|100%| O|  |TAMS 0x0000000097000000, 0x0000000097000000| Untracked 
| 369|0x0000000097100000, 0x0000000097200000, 0x0000000097200000|100%| O|  |TAMS 0x0000000097100000, 0x0000000097100000| Untracked 
| 370|0x0000000097200000, 0x0000000097300000, 0x0000000097300000|100%| O|  |TAMS 0x0000000097200000, 0x0000000097200000| Untracked 
| 371|0x0000000097300000, 0x0000000097400000, 0x0000000097400000|100%| O|  |TAMS 0x0000000097300000, 0x0000000097300000| Untracked 
| 372|0x0000000097400000, 0x0000000097500000, 0x0000000097500000|100%| O|  |TAMS 0x0000000097400000, 0x0000000097400000| Untracked 
| 373|0x0000000097500000, 0x0000000097580000, 0x0000000097600000| 50%| O|  |TAMS 0x0000000097500000, 0x0000000097500000| Untracked 
| 374|0x0000000097600000, 0x0000000097600000, 0x0000000097700000|  0%| F|  |TAMS 0x0000000097600000, 0x0000000097600000| Untracked 
| 375|0x0000000097700000, 0x0000000097700000, 0x0000000097800000|  0%| F|  |TAMS 0x0000000097700000, 0x0000000097700000| Untracked 
| 376|0x0000000097800000, 0x0000000097800000, 0x0000000097900000|  0%| F|  |TAMS 0x0000000097800000, 0x0000000097800000| Untracked 
| 377|0x0000000097900000, 0x0000000097900000, 0x0000000097a00000|  0%| F|  |TAMS 0x0000000097900000, 0x0000000097900000| Untracked 
| 378|0x0000000097a00000, 0x0000000097a00000, 0x0000000097b00000|  0%| F|  |TAMS 0x0000000097a00000, 0x0000000097a00000| Untracked 
| 379|0x0000000097b00000, 0x0000000097b00000, 0x0000000097c00000|  0%| F|  |TAMS 0x0000000097b00000, 0x0000000097b00000| Untracked 
| 380|0x0000000097c00000, 0x0000000097c00000, 0x0000000097d00000|  0%| F|  |TAMS 0x0000000097c00000, 0x0000000097c00000| Untracked 
| 381|0x0000000097d00000, 0x0000000097d00000, 0x0000000097e00000|  0%| F|  |TAMS 0x0000000097d00000, 0x0000000097d00000| Untracked 
| 382|0x0000000097e00000, 0x0000000097e00000, 0x0000000097f00000|  0%| F|  |TAMS 0x0000000097e00000, 0x0000000097e00000| Untracked 
| 383|0x0000000097f00000, 0x0000000097f00000, 0x0000000098000000|  0%| F|  |TAMS 0x0000000097f00000, 0x0000000097f00000| Untracked 
| 384|0x0000000098000000, 0x0000000098000000, 0x0000000098100000|  0%| F|  |TAMS 0x0000000098000000, 0x0000000098000000| Untracked 
| 385|0x0000000098100000, 0x0000000098100000, 0x0000000098200000|  0%| F|  |TAMS 0x0000000098100000, 0x0000000098100000| Untracked 
| 386|0x0000000098200000, 0x0000000098200000, 0x0000000098300000|  0%| F|  |TAMS 0x0000000098200000, 0x0000000098200000| Untracked 
| 387|0x0000000098300000, 0x0000000098300000, 0x0000000098400000|  0%| F|  |TAMS 0x0000000098300000, 0x0000000098300000| Untracked 
| 388|0x0000000098400000, 0x0000000098400000, 0x0000000098500000|  0%| F|  |TAMS 0x0000000098400000, 0x0000000098400000| Untracked 
| 389|0x0000000098500000, 0x0000000098500000, 0x0000000098600000|  0%| F|  |TAMS 0x0000000098500000, 0x0000000098500000| Untracked 
| 390|0x0000000098600000, 0x0000000098600000, 0x0000000098700000|  0%| F|  |TAMS 0x0000000098600000, 0x0000000098600000| Untracked 
| 391|0x0000000098700000, 0x0000000098700000, 0x0000000098800000|  0%| F|  |TAMS 0x0000000098700000, 0x0000000098700000| Untracked 
| 392|0x0000000098800000, 0x0000000098800000, 0x0000000098900000|  0%| F|  |TAMS 0x0000000098800000, 0x0000000098800000| Untracked 
| 393|0x0000000098900000, 0x0000000098900000, 0x0000000098a00000|  0%| F|  |TAMS 0x0000000098900000, 0x0000000098900000| Untracked 
| 394|0x0000000098a00000, 0x0000000098a00000, 0x0000000098b00000|  0%| F|  |TAMS 0x0000000098a00000, 0x0000000098a00000| Untracked 
| 395|0x0000000098b00000, 0x0000000098b00000, 0x0000000098c00000|  0%| F|  |TAMS 0x0000000098b00000, 0x0000000098b00000| Untracked 
| 396|0x0000000098c00000, 0x0000000098c00000, 0x0000000098d00000|  0%| F|  |TAMS 0x0000000098c00000, 0x0000000098c00000| Untracked 
| 397|0x0000000098d00000, 0x0000000098d00000, 0x0000000098e00000|  0%| F|  |TAMS 0x0000000098d00000, 0x0000000098d00000| Untracked 
| 398|0x0000000098e00000, 0x0000000098e00000, 0x0000000098f00000|  0%| F|  |TAMS 0x0000000098e00000, 0x0000000098e00000| Untracked 
| 399|0x0000000098f00000, 0x0000000098f00000, 0x0000000099000000|  0%| F|  |TAMS 0x0000000098f00000, 0x0000000098f00000| Untracked 
| 400|0x0000000099000000, 0x0000000099000000, 0x0000000099100000|  0%| F|  |TAMS 0x0000000099000000, 0x0000000099000000| Untracked 
| 401|0x0000000099100000, 0x0000000099100000, 0x0000000099200000|  0%| F|  |TAMS 0x0000000099100000, 0x0000000099100000| Untracked 
| 402|0x0000000099200000, 0x0000000099200000, 0x0000000099300000|  0%| F|  |TAMS 0x0000000099200000, 0x0000000099200000| Untracked 
| 403|0x0000000099300000, 0x0000000099300000, 0x0000000099400000|  0%| F|  |TAMS 0x0000000099300000, 0x0000000099300000| Untracked 
| 404|0x0000000099400000, 0x0000000099400000, 0x0000000099500000|  0%| F|  |TAMS 0x0000000099400000, 0x0000000099400000| Untracked 
| 405|0x0000000099500000, 0x0000000099500000, 0x0000000099600000|  0%| F|  |TAMS 0x0000000099500000, 0x0000000099500000| Untracked 
| 406|0x0000000099600000, 0x0000000099600000, 0x0000000099700000|  0%| F|  |TAMS 0x0000000099600000, 0x0000000099600000| Untracked 
| 407|0x0000000099700000, 0x0000000099700000, 0x0000000099800000|  0%| F|  |TAMS 0x0000000099700000, 0x0000000099700000| Untracked 
| 408|0x0000000099800000, 0x0000000099800000, 0x0000000099900000|  0%| F|  |TAMS 0x0000000099800000, 0x0000000099800000| Untracked 
| 409|0x0000000099900000, 0x0000000099900000, 0x0000000099a00000|  0%| F|  |TAMS 0x0000000099900000, 0x0000000099900000| Untracked 
| 410|0x0000000099a00000, 0x0000000099a00000, 0x0000000099b00000|  0%| F|  |TAMS 0x0000000099a00000, 0x0000000099a00000| Untracked 
| 411|0x0000000099b00000, 0x0000000099b00000, 0x0000000099c00000|  0%| F|  |TAMS 0x0000000099b00000, 0x0000000099b00000| Untracked 
| 412|0x0000000099c00000, 0x0000000099c00000, 0x0000000099d00000|  0%| F|  |TAMS 0x0000000099c00000, 0x0000000099c00000| Untracked 
| 413|0x0000000099d00000, 0x0000000099d00000, 0x0000000099e00000|  0%| F|  |TAMS 0x0000000099d00000, 0x0000000099d00000| Untracked 
| 414|0x0000000099e00000, 0x0000000099e00000, 0x0000000099f00000|  0%| F|  |TAMS 0x0000000099e00000, 0x0000000099e00000| Untracked 
| 415|0x0000000099f00000, 0x0000000099f00000, 0x000000009a000000|  0%| F|  |TAMS 0x0000000099f00000, 0x0000000099f00000| Untracked 
| 416|0x000000009a000000, 0x000000009a000000, 0x000000009a100000|  0%| F|  |TAMS 0x000000009a000000, 0x000000009a000000| Untracked 
| 417|0x000000009a100000, 0x000000009a100000, 0x000000009a200000|  0%| F|  |TAMS 0x000000009a100000, 0x000000009a100000| Untracked 
| 418|0x000000009a200000, 0x000000009a200000, 0x000000009a300000|  0%| F|  |TAMS 0x000000009a200000, 0x000000009a200000| Untracked 
| 419|0x000000009a300000, 0x000000009a300000, 0x000000009a400000|  0%| F|  |TAMS 0x000000009a300000, 0x000000009a300000| Untracked 
| 420|0x000000009a400000, 0x000000009a400000, 0x000000009a500000|  0%| F|  |TAMS 0x000000009a400000, 0x000000009a400000| Untracked 
| 421|0x000000009a500000, 0x000000009a500000, 0x000000009a600000|  0%| F|  |TAMS 0x000000009a500000, 0x000000009a500000| Untracked 
| 422|0x000000009a600000, 0x000000009a600000, 0x000000009a700000|  0%| F|  |TAMS 0x000000009a600000, 0x000000009a600000| Untracked 
| 423|0x000000009a700000, 0x000000009a700000, 0x000000009a800000|  0%| F|  |TAMS 0x000000009a700000, 0x000000009a700000| Untracked 
| 424|0x000000009a800000, 0x000000009a800000, 0x000000009a900000|  0%| F|  |TAMS 0x000000009a800000, 0x000000009a800000| Untracked 
| 425|0x000000009a900000, 0x000000009a900000, 0x000000009aa00000|  0%| F|  |TAMS 0x000000009a900000, 0x000000009a900000| Untracked 
| 426|0x000000009aa00000, 0x000000009aa00000, 0x000000009ab00000|  0%| F|  |TAMS 0x000000009aa00000, 0x000000009aa00000| Untracked 
| 427|0x000000009ab00000, 0x000000009ab00000, 0x000000009ac00000|  0%| F|  |TAMS 0x000000009ab00000, 0x000000009ab00000| Untracked 
| 428|0x000000009ac00000, 0x000000009ac00000, 0x000000009ad00000|  0%| F|  |TAMS 0x000000009ac00000, 0x000000009ac00000| Untracked 
| 429|0x000000009ad00000, 0x000000009ad00000, 0x000000009ae00000|  0%| F|  |TAMS 0x000000009ad00000, 0x000000009ad00000| Untracked 
| 430|0x000000009ae00000, 0x000000009ae00000, 0x000000009af00000|  0%| F|  |TAMS 0x000000009ae00000, 0x000000009ae00000| Untracked 
| 431|0x000000009af00000, 0x000000009af00000, 0x000000009b000000|  0%| F|  |TAMS 0x000000009af00000, 0x000000009af00000| Untracked 
| 432|0x000000009b000000, 0x000000009b000000, 0x000000009b100000|  0%| F|  |TAMS 0x000000009b000000, 0x000000009b000000| Untracked 
| 433|0x000000009b100000, 0x000000009b100000, 0x000000009b200000|  0%| F|  |TAMS 0x000000009b100000, 0x000000009b100000| Untracked 
| 434|0x000000009b200000, 0x000000009b200000, 0x000000009b300000|  0%| F|  |TAMS 0x000000009b200000, 0x000000009b200000| Untracked 
| 435|0x000000009b300000, 0x000000009b300000, 0x000000009b400000|  0%| F|  |TAMS 0x000000009b300000, 0x000000009b300000| Untracked 
| 436|0x000000009b400000, 0x000000009b400000, 0x000000009b500000|  0%| F|  |TAMS 0x000000009b400000, 0x000000009b400000| Untracked 
| 437|0x000000009b500000, 0x000000009b500000, 0x000000009b600000|  0%| F|  |TAMS 0x000000009b500000, 0x000000009b500000| Untracked 
| 438|0x000000009b600000, 0x000000009b6dc480, 0x000000009b700000| 86%| S|CS|TAMS 0x000000009b600000, 0x000000009b600000| Complete 
| 439|0x000000009b700000, 0x000000009b800000, 0x000000009b800000|100%| S|CS|TAMS 0x000000009b700000, 0x000000009b700000| Complete 
| 440|0x000000009b800000, 0x000000009b900000, 0x000000009b900000|100%| S|CS|TAMS 0x000000009b800000, 0x000000009b800000| Complete 
| 441|0x000000009b900000, 0x000000009b900000, 0x000000009ba00000|  0%| F|  |TAMS 0x000000009b900000, 0x000000009b900000| Untracked 
| 442|0x000000009ba00000, 0x000000009ba00000, 0x000000009bb00000|  0%| F|  |TAMS 0x000000009ba00000, 0x000000009ba00000| Untracked 
| 443|0x000000009bb00000, 0x000000009bb00000, 0x000000009bc00000|  0%| F|  |TAMS 0x000000009bb00000, 0x000000009bb00000| Untracked 
| 444|0x000000009bc00000, 0x000000009bc00000, 0x000000009bd00000|  0%| F|  |TAMS 0x000000009bc00000, 0x000000009bc00000| Untracked 
| 445|0x000000009bd00000, 0x000000009bd00000, 0x000000009be00000|  0%| F|  |TAMS 0x000000009bd00000, 0x000000009bd00000| Untracked 
| 446|0x000000009be00000, 0x000000009be00000, 0x000000009bf00000|  0%| F|  |TAMS 0x000000009be00000, 0x000000009be00000| Untracked 
| 447|0x000000009bf00000, 0x000000009bf00000, 0x000000009c000000|  0%| F|  |TAMS 0x000000009bf00000, 0x000000009bf00000| Untracked 
| 448|0x000000009c000000, 0x000000009c000000, 0x000000009c100000|  0%| F|  |TAMS 0x000000009c000000, 0x000000009c000000| Untracked 
| 449|0x000000009c100000, 0x000000009c100000, 0x000000009c200000|  0%| F|  |TAMS 0x000000009c100000, 0x000000009c100000| Untracked 
| 450|0x000000009c200000, 0x000000009c200000, 0x000000009c300000|  0%| F|  |TAMS 0x000000009c200000, 0x000000009c200000| Untracked 
| 451|0x000000009c300000, 0x000000009c300000, 0x000000009c400000|  0%| F|  |TAMS 0x000000009c300000, 0x000000009c300000| Untracked 
| 452|0x000000009c400000, 0x000000009c400000, 0x000000009c500000|  0%| F|  |TAMS 0x000000009c400000, 0x000000009c400000| Untracked 
| 453|0x000000009c500000, 0x000000009c500000, 0x000000009c600000|  0%| F|  |TAMS 0x000000009c500000, 0x000000009c500000| Untracked 
| 454|0x000000009c600000, 0x000000009c680800, 0x000000009c700000| 50%| E|  |TAMS 0x000000009c600000, 0x000000009c600000| Complete 
| 455|0x000000009c700000, 0x000000009c800000, 0x000000009c800000|100%| E|CS|TAMS 0x000000009c700000, 0x000000009c700000| Complete 
| 456|0x000000009c800000, 0x000000009c900000, 0x000000009c900000|100%| E|CS|TAMS 0x000000009c800000, 0x000000009c800000| Complete 
| 457|0x000000009c900000, 0x000000009ca00000, 0x000000009ca00000|100%| E|CS|TAMS 0x000000009c900000, 0x000000009c900000| Complete 
| 458|0x000000009ca00000, 0x000000009cb00000, 0x000000009cb00000|100%| E|CS|TAMS 0x000000009ca00000, 0x000000009ca00000| Complete 
| 459|0x000000009cb00000, 0x000000009cc00000, 0x000000009cc00000|100%| E|CS|TAMS 0x000000009cb00000, 0x000000009cb00000| Complete 
| 460|0x000000009cc00000, 0x000000009cd00000, 0x000000009cd00000|100%| E|CS|TAMS 0x000000009cc00000, 0x000000009cc00000| Complete 
| 461|0x000000009cd00000, 0x000000009ce00000, 0x000000009ce00000|100%| E|CS|TAMS 0x000000009cd00000, 0x000000009cd00000| Complete 
| 462|0x000000009ce00000, 0x000000009cf00000, 0x000000009cf00000|100%| E|CS|TAMS 0x000000009ce00000, 0x000000009ce00000| Complete 
| 463|0x000000009cf00000, 0x000000009d000000, 0x000000009d000000|100%| E|CS|TAMS 0x000000009cf00000, 0x000000009cf00000| Complete 
| 464|0x000000009d000000, 0x000000009d100000, 0x000000009d100000|100%| E|CS|TAMS 0x000000009d000000, 0x000000009d000000| Complete 
| 465|0x000000009d100000, 0x000000009d200000, 0x000000009d200000|100%| E|CS|TAMS 0x000000009d100000, 0x000000009d100000| Complete 
| 466|0x000000009d200000, 0x000000009d300000, 0x000000009d300000|100%| E|CS|TAMS 0x000000009d200000, 0x000000009d200000| Complete 
| 467|0x000000009d300000, 0x000000009d400000, 0x000000009d400000|100%| E|CS|TAMS 0x000000009d300000, 0x000000009d300000| Complete 
| 468|0x000000009d400000, 0x000000009d500000, 0x000000009d500000|100%| E|CS|TAMS 0x000000009d400000, 0x000000009d400000| Complete 
| 469|0x000000009d500000, 0x000000009d600000, 0x000000009d600000|100%| E|CS|TAMS 0x000000009d500000, 0x000000009d500000| Complete 
| 470|0x000000009d600000, 0x000000009d700000, 0x000000009d700000|100%| E|CS|TAMS 0x000000009d600000, 0x000000009d600000| Complete 
| 471|0x000000009d700000, 0x000000009d800000, 0x000000009d800000|100%| E|CS|TAMS 0x000000009d700000, 0x000000009d700000| Complete 
| 472|0x000000009d800000, 0x000000009d900000, 0x000000009d900000|100%| E|CS|TAMS 0x000000009d800000, 0x000000009d800000| Complete 
| 473|0x000000009d900000, 0x000000009da00000, 0x000000009da00000|100%| E|CS|TAMS 0x000000009d900000, 0x000000009d900000| Complete 
| 474|0x000000009da00000, 0x000000009db00000, 0x000000009db00000|100%| E|CS|TAMS 0x000000009da00000, 0x000000009da00000| Complete 
| 475|0x000000009db00000, 0x000000009dc00000, 0x000000009dc00000|100%| E|CS|TAMS 0x000000009db00000, 0x000000009db00000| Complete 
| 476|0x000000009dc00000, 0x000000009dd00000, 0x000000009dd00000|100%| E|CS|TAMS 0x000000009dc00000, 0x000000009dc00000| Complete 
| 477|0x000000009dd00000, 0x000000009de00000, 0x000000009de00000|100%| E|CS|TAMS 0x000000009dd00000, 0x000000009dd00000| Complete 
| 478|0x000000009de00000, 0x000000009df00000, 0x000000009df00000|100%| E|CS|TAMS 0x000000009de00000, 0x000000009de00000| Complete 
| 479|0x000000009df00000, 0x000000009e000000, 0x000000009e000000|100%| E|CS|TAMS 0x000000009df00000, 0x000000009df00000| Complete 
| 480|0x000000009e000000, 0x000000009e100000, 0x000000009e100000|100%| E|CS|TAMS 0x000000009e000000, 0x000000009e000000| Complete 
| 481|0x000000009e100000, 0x000000009e200000, 0x000000009e200000|100%| E|CS|TAMS 0x000000009e100000, 0x000000009e100000| Complete 
| 482|0x000000009e200000, 0x000000009e300000, 0x000000009e300000|100%| E|CS|TAMS 0x000000009e200000, 0x000000009e200000| Complete 
| 483|0x000000009e300000, 0x000000009e400000, 0x000000009e400000|100%| E|CS|TAMS 0x000000009e300000, 0x000000009e300000| Complete 
| 484|0x000000009e400000, 0x000000009e500000, 0x000000009e500000|100%| E|CS|TAMS 0x000000009e400000, 0x000000009e400000| Complete 

Card table byte_map: [0x0000023bf0320000,0x0000023bf0720000] _byte_map_base: 0x0000023beff20000

Marking Bits (Prev, Next): (CMBitMap*) 0x0000023bd96c34b0, (CMBitMap*) 0x0000023bd96c3470
 Prev Bits: [0x0000023bf2b20000, 0x0000023bf4b20000)
 Next Bits: [0x0000023bf0b20000, 0x0000023bf2b20000)

Polling page: 0x0000023bd7830000

Metaspace:

Usage:
  Non-class:    119.07 MB used.
      Class:     18.59 MB used.
       Both:    137.67 MB used.

Virtual space:
  Non-class space:      128.00 MB reserved,     120.31 MB ( 94%) committed,  2 nodes.
      Class space:      416.00 MB reserved,      19.75 MB (  5%) committed,  1 nodes.
             Both:      544.00 MB reserved,     140.06 MB ( 26%) committed. 

Chunk freelists:
   Non-Class:  7.33 MB
       Class:  12.29 MB
        Both:  19.62 MB

MaxMetaspaceSize: 512.00 MB
CompressedClassSpaceSize: 416.00 MB
Initial GC threshold: 21.00 MB
Current GC threshold: 182.62 MB
CDS: on
MetaspaceReclaimPolicy: balanced
 - commit_granule_bytes: 65536.
 - commit_granule_words: 8192.
 - virtual_space_node_default_size: 8388608.
 - enlarge_chunks_in_place: 1.
 - new_chunks_are_fully_committed: 0.
 - uncommit_free_chunks: 1.
 - use_allocation_guard: 0.
 - handle_deallocations: 1.


Internal statistics:

num_allocs_failed_limit: 9.
num_arena_births: 3990.
num_arena_deaths: 0.
num_vsnodes_births: 3.
num_vsnodes_deaths: 0.
num_space_committed: 2240.
num_space_uncommitted: 0.
num_chunks_returned_to_freelist: 9.
num_chunks_taken_from_freelist: 11083.
num_chunk_merges: 9.
num_chunk_splits: 6800.
num_chunks_enlarged: 3746.
num_inconsistent_stats: 0.

CodeHeap 'non-profiled nmethods': size=120000Kb used=18895Kb max_used=18895Kb free=101104Kb
 bounds [0x0000023be89f0000, 0x0000023be9c70000, 0x0000023beff20000]
CodeHeap 'profiled nmethods': size=120000Kb used=44614Kb max_used=44614Kb free=75385Kb
 bounds [0x0000023be0f20000, 0x0000023be3ac0000, 0x0000023be8450000]
CodeHeap 'non-nmethods': size=5760Kb used=1820Kb max_used=1894Kb free=3939Kb
 bounds [0x0000023be8450000, 0x0000023be86c0000, 0x0000023be89f0000]
 total_blobs=22545 nmethods=21615 adapters=839
 compilation: enabled
              stopped_count=0, restarted_count=0
 full_count=0

Compilation events (20 events):
Event: 387.601 Thread 0x0000023bf6fd02f0 26745       2       java.util.concurrent.LinkedBlockingDeque::unlinkFirst (74 bytes)
Event: 387.602 Thread 0x0000023bf6fd02f0 nmethod 26745 0x0000023be3aace90 code [0x0000023be3aad080, 0x0000023be3aad4a8]
Event: 387.602 Thread 0x0000023bf6fd02f0 26747       2       com.sun.tools.javac.comp.Flow$AssignAnalyzer::addVars (61 bytes)
Event: 387.603 Thread 0x0000023bf6fd02f0 nmethod 26747 0x0000023be3aad690 code [0x0000023be3aad860, 0x0000023be3aadb48]
Event: 387.603 Thread 0x0000023bf6fd02f0 26746       2       com.sun.tools.javac.comp.Flow$AssignAnalyzer$AssignPendingExit::<init> (65 bytes)
Event: 387.604 Thread 0x0000023bf6fd02f0 nmethod 26746 0x0000023be3aade10 code [0x0000023be3aae020, 0x0000023be3aae6f8]
Event: 387.604 Thread 0x0000023bf6fd02f0 26752       2       com.sun.tools.javac.tree.JCTree$JCLiteral::setType (8 bytes)
Event: 387.605 Thread 0x0000023bf6fd02f0 nmethod 26752 0x0000023be3aae990 code [0x0000023be3aaeb20, 0x0000023be3aaec78]
Event: 387.605 Thread 0x0000023bf6fd02f0 26748       1       com.sun.tools.javac.tree.JCTree$JCClassDecl::getModifiers (5 bytes)
Event: 387.605 Thread 0x0000023bf6fd02f0 nmethod 26748 0x0000023be9c58d90 code [0x0000023be9c58f20, 0x0000023be9c58ff8]
Event: 387.605 Thread 0x0000023bf6fd02f0 26749       1       com.sun.tools.javac.tree.JCTree$JCClassDecl::getTypeParameters (5 bytes)
Event: 387.605 Thread 0x0000023bf6fd02f0 nmethod 26749 0x0000023be9c59090 code [0x0000023be9c59220, 0x0000023be9c592f8]
Event: 387.605 Thread 0x0000023bf6fd02f0 26750       1       com.sun.tools.javac.tree.JCTree$JCClassDecl::getPermitsClause (5 bytes)
Event: 387.605 Thread 0x0000023bf6fd02f0 nmethod 26750 0x0000023be9c59390 code [0x0000023be9c59520, 0x0000023be9c595f8]
Event: 387.605 Thread 0x0000023bf6fd02f0 26751       1       com.sun.tools.javac.tree.JCTree$JCClassDecl::getMembers (5 bytes)
Event: 387.605 Thread 0x0000023bf6fd02f0 nmethod 26751 0x0000023be9c59690 code [0x0000023be9c59820, 0x0000023be9c598f8]
Event: 387.620 Thread 0x0000023bf6fd02f0 26753       2       com.sun.tools.javac.jvm.Gen::genStats (77 bytes)
Event: 387.621 Thread 0x0000023bf6fd02f0 nmethod 26753 0x0000023be3aaed10 code [0x0000023be3aaef20, 0x0000023be3aaf398]
Event: 387.697 Thread 0x0000023bf6fd02f0 26754       1       com.sun.tools.javac.comp.Lower::visitBreak (6 bytes)
Event: 387.698 Thread 0x0000023bf6fd02f0 nmethod 26754 0x0000023be9c59990 code [0x0000023be9c59b20, 0x0000023be9c59c38]

GC Heap History (20 events):
Event: 286.048 GC heap before
{Heap before GC invocations=106 (full 0):
 garbage-first heap   total 496640K, used 418609K [0x0000000080000000, 0x0000000100000000)
  region size 1024K, 96 young (98304K), 7 survivors (7168K)
 Metaspace       used 123683K, committed 126016K, reserved 557056K
  class space    used 17087K, committed 18240K, reserved 425984K
}
Event: 286.073 GC heap after
{Heap after GC invocations=107 (full 0):
 garbage-first heap   total 496640K, used 330673K [0x0000000080000000, 0x0000000100000000)
  region size 1024K, 6 young (6144K), 6 survivors (6144K)
 Metaspace       used 123683K, committed 126016K, reserved 557056K
  class space    used 17087K, committed 18240K, reserved 425984K
}
Event: 289.217 GC heap before
{Heap before GC invocations=107 (full 0):
 garbage-first heap   total 496640K, used 419761K [0x0000000080000000, 0x0000000100000000)
  region size 1024K, 94 young (96256K), 6 survivors (6144K)
 Metaspace       used 123685K, committed 126016K, reserved 557056K
  class space    used 17087K, committed 18240K, reserved 425984K
}
Event: 289.240 GC heap after
{Heap after GC invocations=108 (full 0):
 garbage-first heap   total 496640K, used 334923K [0x0000000080000000, 0x0000000100000000)
  region size 1024K, 10 young (10240K), 10 survivors (10240K)
 Metaspace       used 123685K, committed 126016K, reserved 557056K
  class space    used 17087K, committed 18240K, reserved 425984K
}
Event: 297.436 GC heap before
{Heap before GC invocations=108 (full 0):
 garbage-first heap   total 496640K, used 421963K [0x0000000080000000, 0x0000000100000000)
  region size 1024K, 96 young (98304K), 10 survivors (10240K)
 Metaspace       used 123939K, committed 126336K, reserved 557056K
  class space    used 17103K, committed 18240K, reserved 425984K
}
Event: 297.454 GC heap after
{Heap after GC invocations=109 (full 0):
 garbage-first heap   total 496640K, used 337997K [0x0000000080000000, 0x0000000100000000)
  region size 1024K, 7 young (7168K), 7 survivors (7168K)
 Metaspace       used 123939K, committed 126336K, reserved 557056K
  class space    used 17103K, committed 18240K, reserved 425984K
}
Event: 303.111 GC heap before
{Heap before GC invocations=109 (full 0):
 garbage-first heap   total 496640K, used 422989K [0x0000000080000000, 0x0000000100000000)
  region size 1024K, 91 young (93184K), 7 survivors (7168K)
 Metaspace       used 124112K, committed 126528K, reserved 557056K
  class space    used 17119K, committed 18240K, reserved 425984K
}
Event: 303.130 GC heap after
{Heap after GC invocations=110 (full 0):
 garbage-first heap   total 496640K, used 340837K [0x0000000080000000, 0x0000000100000000)
  region size 1024K, 7 young (7168K), 7 survivors (7168K)
 Metaspace       used 124112K, committed 126528K, reserved 557056K
  class space    used 17119K, committed 18240K, reserved 425984K
}
Event: 306.326 GC heap before
{Heap before GC invocations=110 (full 0):
 garbage-first heap   total 496640K, used 423781K [0x0000000080000000, 0x0000000100000000)
  region size 1024K, 89 young (91136K), 7 survivors (7168K)
 Metaspace       used 124256K, committed 126720K, reserved 557056K
  class space    used 17140K, committed 18304K, reserved 425984K
}
Event: 306.352 GC heap after
{Heap after GC invocations=111 (full 0):
 garbage-first heap   total 496640K, used 343949K [0x0000000080000000, 0x0000000100000000)
  region size 1024K, 7 young (7168K), 7 survivors (7168K)
 Metaspace       used 124256K, committed 126720K, reserved 557056K
  class space    used 17140K, committed 18304K, reserved 425984K
}
Event: 327.774 GC heap before
{Heap before GC invocations=111 (full 0):
 garbage-first heap   total 496640K, used 424845K [0x0000000080000000, 0x0000000100000000)
  region size 1024K, 87 young (89088K), 7 survivors (7168K)
 Metaspace       used 128645K, committed 131072K, reserved 557056K
  class space    used 17697K, committed 18880K, reserved 425984K
}
Event: 327.826 GC heap after
{Heap after GC invocations=112 (full 0):
 garbage-first heap   total 496640K, used 350147K [0x0000000080000000, 0x0000000100000000)
  region size 1024K, 10 young (10240K), 10 survivors (10240K)
 Metaspace       used 128645K, committed 131072K, reserved 557056K
  class space    used 17697K, committed 18880K, reserved 425984K
}
Event: 352.706 GC heap before
{Heap before GC invocations=112 (full 0):
 garbage-first heap   total 496640K, used 430019K [0x0000000080000000, 0x0000000100000000)
  region size 1024K, 83 young (84992K), 10 survivors (10240K)
 Metaspace       used 139020K, committed 141440K, reserved 557056K
  class space    used 18916K, committed 20096K, reserved 425984K
}
Event: 352.751 GC heap after
{Heap after GC invocations=113 (full 0):
 garbage-first heap   total 496640K, used 356427K [0x0000000080000000, 0x0000000100000000)
  region size 1024K, 5 young (5120K), 5 survivors (5120K)
 Metaspace       used 139020K, committed 141440K, reserved 557056K
  class space    used 18916K, committed 20096K, reserved 425984K
}
Event: 366.571 GC heap before
{Heap before GC invocations=113 (full 0):
 garbage-first heap   total 496640K, used 433227K [0x0000000080000000, 0x0000000100000000)
  region size 1024K, 75 young (76800K), 5 survivors (5120K)
 Metaspace       used 140044K, committed 142592K, reserved 557056K
  class space    used 19030K, committed 20224K, reserved 425984K
}
Event: 366.610 GC heap after
{Heap after GC invocations=114 (full 0):
 garbage-first heap   total 496640K, used 369123K [0x0000000080000000, 0x0000000100000000)
  region size 1024K, 10 young (10240K), 10 survivors (10240K)
 Metaspace       used 140044K, committed 142592K, reserved 557056K
  class space    used 19030K, committed 20224K, reserved 425984K
}
Event: 375.847 GC heap before
{Heap before GC invocations=114 (full 0):
 garbage-first heap   total 496640K, used 425443K [0x0000000080000000, 0x0000000100000000)
  region size 1024K, 66 young (67584K), 10 survivors (10240K)
 Metaspace       used 140405K, committed 142848K, reserved 557056K
  class space    used 19036K, committed 20224K, reserved 425984K
}
Event: 375.911 GC heap after
{Heap after GC invocations=115 (full 0):
 garbage-first heap   total 496640K, used 381099K [0x0000000080000000, 0x0000000100000000)
  region size 1024K, 9 young (9216K), 9 survivors (9216K)
 Metaspace       used 140405K, committed 142848K, reserved 557056K
  class space    used 19036K, committed 20224K, reserved 425984K
}
Event: 384.312 GC heap before
{Heap before GC invocations=115 (full 0):
 garbage-first heap   total 496640K, used 426155K [0x0000000080000000, 0x0000000100000000)
  region size 1024K, 53 young (54272K), 9 survivors (9216K)
 Metaspace       used 140904K, committed 143360K, reserved 557056K
  class space    used 19039K, committed 20224K, reserved 425984K
}
Event: 384.349 GC heap after
{Heap after GC invocations=116 (full 0):
 garbage-first heap   total 496640K, used 385186K [0x0000000080000000, 0x0000000100000000)
  region size 1024K, 3 young (3072K), 3 survivors (3072K)
 Metaspace       used 140904K, committed 143360K, reserved 557056K
  class space    used 19039K, committed 20224K, reserved 425984K
}

Deoptimization events (20 events):
Event: 386.439 Thread 0x0000023bfefcb910 Uncommon trap: trap_request=0xffffffc6 fr.pc=0x0000023be9abec28 relative=0x00000000000008c8
Event: 386.439 Thread 0x0000023bfefcb910 Uncommon trap: reason=bimorphic_or_optimized_type_check action=maybe_recompile pc=0x0000023be9abec28 method=com.sun.tools.javac.code.Types.isSubtypeUncheckedInternal(Lcom/sun/tools/javac/code/Type;Lcom/sun/tools/javac/code/Type;ZLcom/sun/tools/javac/util/
Event: 386.439 Thread 0x0000023bfefcb910 DEOPT PACKING pc=0x0000023be9abec28 sp=0x000000c8893f8c80
Event: 386.439 Thread 0x0000023bfefcb910 DEOPT UNPACKING pc=0x0000023be84a23a3 sp=0x000000c8893f8bd0 mode 2
Event: 386.439 Thread 0x0000023bfefcb910 Uncommon trap: trap_request=0xffffffc6 fr.pc=0x0000023be8b5193c relative=0x000000000000077c
Event: 386.439 Thread 0x0000023bfefcb910 Uncommon trap: reason=bimorphic_or_optimized_type_check action=maybe_recompile pc=0x0000023be8b5193c method=com.sun.tools.javac.code.Types.isSubtypeUncheckedInternal(Lcom/sun/tools/javac/code/Type;Lcom/sun/tools/javac/code/Type;ZLcom/sun/tools/javac/util/
Event: 386.439 Thread 0x0000023bfefcb910 DEOPT PACKING pc=0x0000023be8b5193c sp=0x000000c8893f9250
Event: 386.439 Thread 0x0000023bfefcb910 DEOPT UNPACKING pc=0x0000023be84a23a3 sp=0x000000c8893f9238 mode 2
Event: 386.440 Thread 0x0000023bfefcb910 Uncommon trap: trap_request=0xffffff45 fr.pc=0x0000023be9b69858 relative=0x0000000000000138
Event: 386.440 Thread 0x0000023bfefcb910 Uncommon trap: reason=unstable_if action=reinterpret pc=0x0000023be9b69858 method=com.sun.tools.javac.jvm.Items$Item.coerce(I)Lcom/sun/tools/javac/jvm/Items$Item; @ 30 c2
Event: 386.440 Thread 0x0000023bfefcb910 DEOPT PACKING pc=0x0000023be9b69858 sp=0x000000c8893f8e10
Event: 386.440 Thread 0x0000023bfefcb910 DEOPT UNPACKING pc=0x0000023be84a23a3 sp=0x000000c8893f8d90 mode 2
Event: 386.809 Thread 0x0000023bfefcb910 Uncommon trap: trap_request=0xffffffde fr.pc=0x0000023be9c14970 relative=0x0000000000005ed0
Event: 386.809 Thread 0x0000023bfefcb910 Uncommon trap: reason=class_check action=maybe_recompile pc=0x0000023be9c14970 method=com.sun.tools.javac.code.Symbol.externalType(Lcom/sun/tools/javac/code/Types;)Lcom/sun/tools/javac/code/Type; @ 56 c2
Event: 386.809 Thread 0x0000023bfefcb910 DEOPT PACKING pc=0x0000023be9c14970 sp=0x000000c8893f9370
Event: 386.809 Thread 0x0000023bfefcb910 DEOPT UNPACKING pc=0x0000023be84a23a3 sp=0x000000c8893f91d8 mode 2
Event: 387.376 Thread 0x0000023bfefcb910 Uncommon trap: trap_request=0xffffff45 fr.pc=0x0000023be9c4167c relative=0x00000000000035dc
Event: 387.376 Thread 0x0000023bfefcb910 Uncommon trap: reason=unstable_if action=reinterpret pc=0x0000023be9c4167c method=com.sun.tools.javac.code.Types$SignatureGenerator.assembleSig(Lcom/sun/tools/javac/code/Type;)V @ 11 c2
Event: 387.376 Thread 0x0000023bfefcb910 DEOPT PACKING pc=0x0000023be9c4167c sp=0x000000c8893f8ca0
Event: 387.376 Thread 0x0000023bfefcb910 DEOPT UNPACKING pc=0x0000023be84a23a3 sp=0x000000c8893f8ca8 mode 2

Classes unloaded (0 events):
No events

Classes redefined (0 events):
No events

Internal exceptions (20 events):
Event: 386.106 Thread 0x0000023bfefcb910 Exception <a 'sun/nio/fs/WindowsException'{0x000000009d865118}> (0x000000009d865118) 
thrown [s\open\src\hotspot\share\prims\jni.cpp, line 516]
Event: 386.234 Thread 0x0000023bfefcb910 Exception <a 'sun/nio/fs/WindowsException'{0x000000009d60a290}> (0x000000009d60a290) 
thrown [s\open\src\hotspot\share\prims\jni.cpp, line 516]
Event: 386.386 Thread 0x0000023bfefcb910 Exception <a 'sun/nio/fs/WindowsException'{0x000000009d5d8968}> (0x000000009d5d8968) 
thrown [s\open\src\hotspot\share\prims\jni.cpp, line 516]
Event: 386.448 Thread 0x0000023bfefcb910 Exception <a 'sun/nio/fs/WindowsException'{0x000000009d40b468}> (0x000000009d40b468) 
thrown [s\open\src\hotspot\share\prims\jni.cpp, line 516]
Event: 386.796 Thread 0x0000023bfefcb910 Exception <a 'sun/nio/fs/WindowsException'{0x000000009d237f60}> (0x000000009d237f60) 
thrown [s\open\src\hotspot\share\prims\jni.cpp, line 516]
Event: 386.815 Thread 0x0000023bfefcb910 Exception <a 'sun/nio/fs/WindowsException'{0x000000009d2588e0}> (0x000000009d2588e0) 
thrown [s\open\src\hotspot\share\prims\jni.cpp, line 516]
Event: 386.881 Thread 0x0000023bfefcb910 Exception <a 'sun/nio/fs/WindowsException'{0x000000009d1b9990}> (0x000000009d1b9990) 
thrown [s\open\src\hotspot\share\prims\jni.cpp, line 516]
Event: 386.908 Thread 0x0000023bfefcb910 Exception <a 'sun/nio/fs/WindowsException'{0x000000009cf0d618}> (0x000000009cf0d618) 
thrown [s\open\src\hotspot\share\prims\jni.cpp, line 516]
Event: 387.074 Thread 0x0000023bfefcb910 Exception <a 'sun/nio/fs/WindowsException'{0x000000009cd09280}> (0x000000009cd09280) 
thrown [s\open\src\hotspot\share\prims\jni.cpp, line 516]
Event: 387.118 Thread 0x0000023bfefcb910 Exception <a 'sun/nio/fs/WindowsException'{0x000000009cd344b8}> (0x000000009cd344b8) 
thrown [s\open\src\hotspot\share\prims\jni.cpp, line 516]
Event: 387.132 Thread 0x0000023bfefcb910 Exception <a 'sun/nio/fs/WindowsException'{0x000000009cd4a5a8}> (0x000000009cd4a5a8) 
thrown [s\open\src\hotspot\share\prims\jni.cpp, line 516]
Event: 387.165 Thread 0x0000023bfefcb910 Exception <a 'sun/nio/fs/WindowsException'{0x000000009cd61f58}> (0x000000009cd61f58) 
thrown [s\open\src\hotspot\share\prims\jni.cpp, line 516]
Event: 387.190 Thread 0x0000023bfefcb910 Exception <a 'sun/nio/fs/WindowsException'{0x000000009cd68a40}> (0x000000009cd68a40) 
thrown [s\open\src\hotspot\share\prims\jni.cpp, line 516]
Event: 387.262 Thread 0x0000023bfefcb910 Exception <a 'sun/nio/fs/WindowsException'{0x000000009ccf1ed0}> (0x000000009ccf1ed0) 
thrown [s\open\src\hotspot\share\prims\jni.cpp, line 516]
Event: 387.289 Thread 0x0000023bfefcb910 Exception <a 'sun/nio/fs/WindowsException'{0x000000009ccfeee0}> (0x000000009ccfeee0) 
thrown [s\open\src\hotspot\share\prims\jni.cpp, line 516]
Event: 387.411 Thread 0x0000023bfefcb910 Exception <a 'sun/nio/fs/WindowsException'{0x000000009cba1700}> (0x000000009cba1700) 
thrown [s\open\src\hotspot\share\prims\jni.cpp, line 516]
Event: 387.560 Thread 0x0000023bfefcb910 Exception <a 'sun/nio/fs/WindowsException'{0x000000009cac80b0}> (0x000000009cac80b0) 
thrown [s\open\src\hotspot\share\prims\jni.cpp, line 516]
Event: 387.609 Thread 0x0000023bfefcb910 Exception <a 'sun/nio/fs/WindowsException'{0x000000009c91e2b8}> (0x000000009c91e2b8) 
thrown [s\open\src\hotspot\share\prims\jni.cpp, line 516]
Event: 387.624 Thread 0x0000023bfefcb910 Exception <a 'sun/nio/fs/WindowsException'{0x000000009c930360}> (0x000000009c930360) 
thrown [s\open\src\hotspot\share\prims\jni.cpp, line 516]
Event: 387.713 Thread 0x0000023bfefcb910 Exception <a 'sun/nio/fs/WindowsException'{0x000000009c899358}> (0x000000009c899358) 
thrown [s\open\src\hotspot\share\prims\jni.cpp, line 516]

VM Operations (20 events):
Event: 379.042 Executing VM operation: Cleanup
Event: 379.059 Executing VM operation: Cleanup done
Event: 380.068 Executing VM operation: Cleanup
Event: 380.084 Executing VM operation: Cleanup done
Event: 381.875 Executing VM operation: ICBufferFull
Event: 381.876 Executing VM operation: ICBufferFull done
Event: 382.890 Executing VM operation: Cleanup
Event: 382.907 Executing VM operation: Cleanup done
Event: 383.057 Executing VM operation: HandshakeAllThreads
Event: 383.078 Executing VM operation: HandshakeAllThreads done
Event: 384.087 Executing VM operation: Cleanup
Event: 384.108 Executing VM operation: Cleanup done
Event: 384.312 Executing VM operation: G1CollectForAllocation
Event: 384.350 Executing VM operation: G1CollectForAllocation done
Event: 385.356 Executing VM operation: Cleanup
Event: 385.356 Executing VM operation: Cleanup done
Event: 386.358 Executing VM operation: Cleanup
Event: 386.375 Executing VM operation: Cleanup done
Event: 387.388 Executing VM operation: Cleanup
Event: 387.389 Executing VM operation: Cleanup done

Events (20 events):
Event: 364.467 Thread 0x0000023bf6fde390 flushing nmethod 0x0000023be3790790
Event: 364.467 Thread 0x0000023bf6fde390 flushing nmethod 0x0000023be3790d10
Event: 364.467 Thread 0x0000023bf6fde390 flushing nmethod 0x0000023be3791990
Event: 364.467 Thread 0x0000023bf6fde390 flushing nmethod 0x0000023be3792b90
Event: 364.467 Thread 0x0000023bf6fde390 flushing nmethod 0x0000023be3794010
Event: 364.467 Thread 0x0000023bf6fde390 flushing nmethod 0x0000023be3798710
Event: 364.468 Thread 0x0000023bf6fde390 flushing nmethod 0x0000023be37c9e90
Event: 364.468 Thread 0x0000023bf6fde390 flushing nmethod 0x0000023be37cc490
Event: 364.468 Thread 0x0000023bf6fde390 flushing nmethod 0x0000023be37cd190
Event: 364.468 Thread 0x0000023bf6fde390 flushing nmethod 0x0000023be37db510
Event: 364.468 Thread 0x0000023bf6fde390 flushing nmethod 0x0000023be37dc410
Event: 364.468 Thread 0x0000023bf6fde390 flushing nmethod 0x0000023be37eb690
Event: 364.468 Thread 0x0000023bf6fde390 flushing nmethod 0x0000023be3826390
Event: 383.080 Thread 0x0000023bf6fde390 flushing nmethod 0x0000023be8b69090
Event: 383.094 Thread 0x0000023bf6fde390 flushing nmethod 0x0000023be9b5ed10
Event: 383.094 Thread 0x0000023bf6fde390 flushing nmethod 0x0000023be9b69590
Event: 383.094 Thread 0x0000023bf6fde390 flushing nmethod 0x0000023be9b6a190
Event: 383.094 Thread 0x0000023bf6fde390 flushing nmethod 0x0000023be9b75490
Event: 383.094 Thread 0x0000023bf6fde390 flushing nmethod 0x0000023be9b75890
Event: 383.138 Thread 0x0000023bf6fde390 flushing nmethod 0x0000023be3332d90


Dynamic libraries:
0x00007ff7eb1a0000 - 0x00007ff7eb1b0000 	C:\Program Files\Java\jdk-17\bin\java.exe
0x00007ff92db20000 - 0x00007ff92dd87000 	C:\WINDOWS\SYSTEM32\ntdll.dll
0x00007ff92d070000 - 0x00007ff92d139000 	C:\WINDOWS\System32\KERNEL32.DLL
0x00007ff92b190000 - 0x00007ff92b584000 	C:\WINDOWS\System32\KERNELBASE.dll
0x00007ff92a560000 - 0x00007ff92a6ab000 	C:\WINDOWS\System32\ucrtbase.dll
0x00007ff8fac90000 - 0x00007ff8faca9000 	C:\Program Files\Java\jdk-17\bin\jli.dll
0x00007ff92c050000 - 0x00007ff92c106000 	C:\WINDOWS\System32\ADVAPI32.dll
0x00007ff92d310000 - 0x00007ff92d3b9000 	C:\WINDOWS\System32\msvcrt.dll
0x00007ff92d450000 - 0x00007ff92d4f7000 	C:\WINDOWS\System32\sechost.dll
0x00007ff92bc90000 - 0x00007ff92bda8000 	C:\WINDOWS\System32\RPCRT4.dll
0x00007ff92c110000 - 0x00007ff92c2d5000 	C:\WINDOWS\System32\USER32.dll
0x00007ff8fac70000 - 0x00007ff8fac8b000 	C:\Program Files\Java\jdk-17\bin\VCRUNTIME140.dll
0x00007ff92b880000 - 0x00007ff92b8a7000 	C:\WINDOWS\System32\win32u.dll
0x00007ff92c7b0000 - 0x00007ff92c7db000 	C:\WINDOWS\System32\GDI32.dll
0x00007ff92a6b0000 - 0x00007ff92a7da000 	C:\WINDOWS\System32\gdi32full.dll
0x00007ff92a7e0000 - 0x00007ff92a883000 	C:\WINDOWS\System32\msvcp_win.dll
0x00007ff91a140000 - 0x00007ff91a3d3000 	C:\WINDOWS\WinSxS\amd64_microsoft.windows.common-controls_6595b64144ccf1df_6.0.26100.8115_none_3e075c82e3354f9c\COMCTL32.dll
0x00007ff9247c0000 - 0x00007ff9247cb000 	C:\WINDOWS\SYSTEM32\VERSION.dll
0x00007ff92b8b0000 - 0x00007ff92b8e2000 	C:\WINDOWS\System32\IMM32.DLL
0x00007ff9176e0000 - 0x00007ff9176ec000 	C:\Program Files\Java\jdk-17\bin\vcruntime140_1.dll
0x00007ff8d7150000 - 0x00007ff8d71de000 	C:\Program Files\Java\jdk-17\bin\msvcp140.dll
0x00007ff868770000 - 0x00007ff869350000 	C:\Program Files\Java\jdk-17\bin\server\jvm.dll
0x00007ff92c040000 - 0x00007ff92c048000 	C:\WINDOWS\System32\PSAPI.DLL
0x00007ff90a0b0000 - 0x00007ff90a0ba000 	C:\WINDOWS\SYSTEM32\WSOCK32.dll
0x00007ff92d5c0000 - 0x00007ff92d640000 	C:\WINDOWS\System32\WS2_32.dll
0x00007ff924780000 - 0x00007ff9247b6000 	C:\WINDOWS\SYSTEM32\WINMM.dll
0x00007ff929180000 - 0x00007ff92919b000 	C:\WINDOWS\SYSTEM32\kernel.appcore.dll
0x00007ff916ec0000 - 0x00007ff916eca000 	C:\Program Files\Java\jdk-17\bin\jimage.dll
0x00007ff9283c0000 - 0x00007ff928602000 	C:\WINDOWS\SYSTEM32\DBGHELP.DLL
0x00007ff92b8f0000 - 0x00007ff92bc72000 	C:\WINDOWS\System32\combase.dll
0x00007ff92c6d0000 - 0x00007ff92c7a7000 	C:\WINDOWS\System32\OLEAUT32.dll
0x00007ff912570000 - 0x00007ff9125ab000 	C:\WINDOWS\SYSTEM32\dbgcore.DLL
0x00007ff92b650000 - 0x00007ff92b6f5000 	C:\WINDOWS\System32\bcryptPrimitives.dll
0x00007ff909710000 - 0x00007ff90971e000 	C:\Program Files\Java\jdk-17\bin\instrument.dll
0x00007ff8f9550000 - 0x00007ff8f9575000 	C:\Program Files\Java\jdk-17\bin\java.dll
0x00007ff8d7070000 - 0x00007ff8d7147000 	C:\Program Files\Java\jdk-17\bin\jsvml.dll
0x00007ff92c800000 - 0x00007ff92cf66000 	C:\WINDOWS\System32\SHELL32.dll
0x00007ff92a3f0000 - 0x00007ff92a55a000 	C:\WINDOWS\System32\wintypes.dll
0x00007ff92a920000 - 0x00007ff92b185000 	C:\WINDOWS\System32\windows.storage.dll
0x00007ff92c2e0000 - 0x00007ff92c3d7000 	C:\WINDOWS\System32\SHCORE.dll
0x00007ff92d140000 - 0x00007ff92d1a6000 	C:\WINDOWS\System32\shlwapi.dll
0x00007ff92a310000 - 0x00007ff92a339000 	C:\WINDOWS\SYSTEM32\profapi.dll
0x00007ff8f87e0000 - 0x00007ff8f87f8000 	C:\Program Files\Java\jdk-17\bin\zip.dll
0x00007ff8fb3b0000 - 0x00007ff8fb3c9000 	C:\Program Files\Java\jdk-17\bin\net.dll
0x00007ff91fd40000 - 0x00007ff91fe6d000 	C:\WINDOWS\SYSTEM32\WINHTTP.dll
0x00007ff9296f0000 - 0x00007ff92975c000 	C:\WINDOWS\system32\mswsock.dll
0x00007ff8fb390000 - 0x00007ff8fb3a6000 	C:\Program Files\Java\jdk-17\bin\nio.dll
0x00007ff9099f0000 - 0x00007ff909a00000 	C:\Program Files\Java\jdk-17\bin\verify.dll
0x00007ff9214a0000 - 0x00007ff9214c7000 	C:\Users\haris\.gradle\native\1def1411415f61bf3af743bc5b6707747c0891f09f0c88961ee8f79bc544acac\windows-amd64\native-platform.dll
0x00007ff893000000 - 0x00007ff893077000 	C:\Users\haris\.gradle\native\0.2.8\x86_64-windows-gnu\gradle-fileevents.dll
0x00007ff916dc0000 - 0x00007ff916dca000 	C:\Program Files\Java\jdk-17\bin\management.dll
0x00007ff910ed0000 - 0x00007ff910edb000 	C:\Program Files\Java\jdk-17\bin\management_ext.dll
0x00007ff928c90000 - 0x00007ff928cc2000 	C:\WINDOWS\SYSTEM32\IPHLPAPI.DLL
0x00007ff92bc80000 - 0x00007ff92bc8a000 	C:\WINDOWS\System32\NSI.dll
0x00007ff921730000 - 0x00007ff92174d000 	C:\WINDOWS\SYSTEM32\dhcpcsvc6.DLL
0x00007ff920c50000 - 0x00007ff920c75000 	C:\WINDOWS\SYSTEM32\dhcpcsvc.DLL
0x00007ff928cd0000 - 0x00007ff928e02000 	C:\WINDOWS\SYSTEM32\DNSAPI.dll
0x00007ff9299d0000 - 0x00007ff9299eb000 	C:\WINDOWS\SYSTEM32\CRYPTSP.dll
0x00007ff9290e0000 - 0x00007ff929119000 	C:\WINDOWS\system32\rsaenh.dll
0x00007ff9297a0000 - 0x00007ff9297d3000 	C:\WINDOWS\SYSTEM32\USERENV.dll
0x00007ff92a2e0000 - 0x00007ff92a30a000 	C:\WINDOWS\SYSTEM32\bcrypt.dll
0x00007ff9299f0000 - 0x00007ff9299fc000 	C:\WINDOWS\SYSTEM32\CRYPTBASE.dll
0x00007ff917750000 - 0x00007ff91775e000 	C:\Program Files\Java\jdk-17\bin\sunmscapi.dll
0x00007ff92b700000 - 0x00007ff92b877000 	C:\WINDOWS\System32\CRYPT32.dll
0x00007ff929bf0000 - 0x00007ff929c20000 	C:\WINDOWS\SYSTEM32\ncrypt.dll
0x00007ff929ba0000 - 0x00007ff929bdf000 	C:\WINDOWS\SYSTEM32\NTASN1.dll
0x00007ff8dd2b0000 - 0x00007ff8dd2b8000 	C:\WINDOWS\system32\wshunix.dll
0x00007ff917780000 - 0x00007ff917787000 	C:\Program Files\Java\jdk-17\bin\rmi.dll

dbghelp: loaded successfully - version: 4.0.5 - missing functions: none
symbol engine: initialized successfully - sym options: 0x614 - pdb path: .;C:\Program Files\Java\jdk-17\bin;C:\WINDOWS\SYSTEM32;C:\WINDOWS\WinSxS\amd64_microsoft.windows.common-controls_6595b64144ccf1df_6.0.26100.8115_none_3e075c82e3354f9c;C:\Program Files\Java\jdk-17\bin\server;C:\Users\haris\.gradle\native\1def1411415f61bf3af743bc5b6707747c0891f09f0c88961ee8f79bc544acac\windows-amd64;C:\Users\haris\.gradle\native\0.2.8\x86_64-windows-gnu

VM Arguments:
jvm_args: --add-opens=java.base/java.lang=ALL-UNNAMED --add-opens=java.base/java.lang.invoke=ALL-UNNAMED --add-opens=java.base/java.util=ALL-UNNAMED --add-opens=java.prefs/java.util.prefs=ALL-UNNAMED --add-exports=jdk.compiler/com.sun.tools.javac.api=ALL-UNNAMED --add-exports=jdk.compiler/com.sun.tools.javac.util=ALL-UNNAMED --add-opens=java.base/java.util=ALL-UNNAMED --add-opens=java.prefs/java.util.prefs=ALL-UNNAMED --add-opens=java.base/java.nio.charset=ALL-UNNAMED --add-opens=java.base/java.net=ALL-UNNAMED --add-opens=java.base/java.util.concurrent=ALL-UNNAMED --add-opens=java.base/java.util.concurrent.atomic=ALL-UNNAMED --add-opens=java.xml/javax.xml.namespace=ALL-UNNAMED -XX:MaxMetaspaceSize=512m -Xmx2048m -Dfile.encoding=windows-1252 -Duser.country=US -Duser.language=en -Duser.variant -javaagent:C:\Users\haris\.gradle\wrapper\dists\gradle-9.0.0-bin\d6wjpkvcgsg3oed0qlfss3wgl\gradle-9.0.0\lib\agents\gradle-instrumentation-agent-9.0.0.jar 
java_command: org.gradle.launcher.daemon.bootstrap.GradleDaemon 9.0.0
java_class_path (initial): C:\Users\haris\.gradle\wrapper\dists\gradle-9.0.0-bin\d6wjpkvcgsg3oed0qlfss3wgl\gradle-9.0.0\lib\gradle-daemon-main-9.0.0.jar
Launcher Type: SUN_STANDARD

[Global flags]
     intx CICompilerCount                          = 3                                         {product} {ergonomic}
   size_t CompressedClassSpaceSize                 = 436207616                                 {product} {ergonomic}
     uint ConcGCThreads                            = 1                                         {product} {ergonomic}
     uint G1ConcRefinementThreads                  = 4                                         {product} {ergonomic}
   size_t G1HeapRegionSize                         = 1048576                                   {product} {ergonomic}
    uintx GCDrainStackTargetSize                   = 64                                        {product} {ergonomic}
   size_t InitialHeapSize                          = 100663296                                 {product} {ergonomic}
   size_t MarkStackSize                            = 4194304                                   {product} {ergonomic}
   size_t MaxHeapSize                              = 2147483648                                {product} {command line}
   size_t MaxMetaspaceSize                         = 536870912                                 {product} {command line}
   size_t MaxNewSize                               = 1287651328                                {product} {ergonomic}
   size_t MinHeapDeltaBytes                        = 1048576                                   {product} {ergonomic}
   size_t MinHeapSize                              = 8388608                                   {product} {ergonomic}
    uintx NonNMethodCodeHeapSize                   = 5832780                                {pd product} {ergonomic}
    uintx NonProfiledCodeHeapSize                  = 122912730                              {pd product} {ergonomic}
    uintx ProfiledCodeHeapSize                     = 122912730                              {pd product} {ergonomic}
    uintx ReservedCodeCacheSize                    = 251658240                              {pd product} {ergonomic}
     bool SegmentedCodeCache                       = true                                      {product} {ergonomic}
   size_t SoftMaxHeapSize                          = 2147483648                             {manageable} {ergonomic}
     bool UseCompressedClassPointers               = true                           {product lp64_product} {ergonomic}
     bool UseCompressedOops                        = true                           {product lp64_product} {ergonomic}
     bool UseG1GC                                  = true                                      {product} {ergonomic}
     bool UseLargePagesIndividualAllocation        = false                                  {pd product} {ergonomic}

Logging:
Log output configuration:
 #0: stdout all=warning uptime,level,tags
 #1: stderr all=off uptime,level,tags

Environment Variables:
JAVA_HOME=C:\Program Files\Java\jdk-17
PATH=C:\Python314\Scripts\;C:\Python314\;C:\Program Files\Common Files\Oracle\Java\javapath;C:\WINDOWS\system32;C:\WINDOWS;C:\WINDOWS\System32\Wbem;C:\WINDOWS\System32\WindowsPowerShell\v1.0\;C:\WINDOWS\System32\OpenSSH\;C:\Program Files\Java\jdk-21\bin;C:\Program Files\Git\cmd;C:\ProgramData\chocolatey\bin;C:\Program Files\nodejs\;C:\Program Files\Docker\Docker\resources\bin;C:\Users\haris\AppData\Local\pnpm;C:\Users\haris\AppData\Local\Android\Sdk\tools;C:\Users\haris\AppData\Local\jdk-11.0.2\bin;C:\Users\haris\AppData\Local\Microsoft\WindowsApps;C:\src\flutter\bin;C:\Users\haris\AppData\Local\Programs\Microsoft VS Code\bin;C:\Users\haris\AppData\Local\Android\Sdk\platform-tools;C:\Users\haris\AppData\Local\Android\Sdk\emulator;C:\Program Files\heroku\bin;C:\Users\haris\AppData\Roaming\npm;C:\Users\haris\AppData\Local\Programs\Antigravity\bin
USERNAME=haris
OS=Windows_NT
PROCESSOR_IDENTIFIER=AMD64 Family 23 Model 24 Stepping 1, AuthenticAMD



---------------  S Y S T E M  ---------------

OS:
 Windows 11 , 64 bit Build 26100 (10.0.26100.8115)
OS uptime: 0 days 4:13 hours
Hyper-V role detected

CPU: total 4 (initial active 4) (4 cores per cpu, 2 threads per core) family 23 model 24 stepping 1 microcode 0x8108109, cx8, cmov, fxsr, ht, mmx, 3dnowpref, sse, sse2, sse3, ssse3, sse4a, sse4.1, sse4.2, popcnt, lzcnt, tsc, tscinvbit, avx, avx2, aes, clmul, bmi1, bmi2, adx, sha, fma, vzeroupper, clflush, clflushopt, hv

Memory: 4k page, system-wide physical 6078M (445M free)
TotalPageFile size 24510M (AvailPageFile size 17M)
current process WorkingSet (physical memory assigned to process): 409M, peak: 668M
current process commit charge ("private bytes"): 936M, peak: 939M

vm_info: Java HotSpot(TM) 64-Bit Server VM (17.0.11+7-LTS-207) for windows-amd64 JRE (17.0.11+7-LTS-207), built on Mar 11 2024 19:01:50 by "mach5one" with MS VC++ 17.6 (VS2022)

END.
